0,chr1: 0~249Mb,chr2: 0~243Mb,chr3: 0~197Mb,chr4: 0~190Mb,chr5: 0~180Mb,chr6: 0~170Mb,chr7: 0~159Mb,chr8: 0~146Mb,chr9: 0~141Mb,chr10: 0~135Mb,chr11: 0~134Mb,chr12: 0~133Mb,chr13: 0~115Mb,chr14: 0~107Mb,chr15: 0~102Mb,chr16: 0~90Mb,chr17: 0~81Mb,chr18: 0~78Mb,chr19: 0~59Mb,chr20: 0~62Mb,chr21: 0~48Mb,chr22: 0~51Mb
50_irnt,0.0301,0.0364,0.0237,0.0159,0.0258,0.0335,0.0242,0.0179,0.022000000000000002,0.0162,0.0137,0.0263,0.0082,0.0115,0.0207,0.0131,0.0205,0.0065,0.0155,0.0119,0.0027,0.0043
20153_irnt,0.028999999999999998,0.0315,0.0189,0.0124,0.0209,0.0291,0.0182,0.0167,0.0184,0.012,0.0106,0.0225,0.0076,0.0094,0.017,0.012,0.0198,0.0051,0.0127,0.0113,0.0014,0.0032
5097_irnt,0.025,0.021,0.0169,0.0154,0.0153,0.0253,0.0148,0.0159,0.012,0.0149,0.013000000000000001,0.0132,0.008,0.0095,0.0129,0.0089,0.0129,0.004,0.0086,0.0063,0.0077,0.0054
5098_irnt,0.0244,0.0219,0.0161,0.0152,0.0148,0.0248,0.0158,0.0156,0.012,0.0135,0.0124,0.0141,0.0078,0.0086,0.0143,0.008,0.0116,0.004,0.0075,0.0063,0.0068,0.0059
30100_irnt,0.027000000000000003,0.0163,0.0146,0.0052,0.0163,0.0095,0.0113,0.0055,0.0069,0.0082,0.0131,0.0234,0.0029,0.0096,0.005,0.006,0.0116,0.0049,0.0129,0.0091,0.0002,0.0043
5099_irnt,0.023,0.0203,0.0158,0.0125,0.0149,0.0242,0.0155,0.0143,0.0112,0.0136,0.0124,0.0122,0.0088,0.0079,0.0138,0.0083,0.0118,0.0039,0.0082,0.0055,0.0061,0.0046
20015_irnt,0.0245,0.0247,0.017,0.0137,0.0157,0.0292,0.0189,0.0148,0.0149,0.0113,0.0086,0.0193,0.0061,0.0081,0.0131,0.0108,0.013000000000000001,0.0053,0.0095,0.0112,0.0021,0.003
5132_irnt,0.0229,0.0196,0.0148,0.0121,0.016,0.0213,0.0139,0.0111,0.0104,0.0126,0.0143,0.0119,0.0082,0.0072,0.0138,0.0086,0.0105,0.0031,0.0071,0.0051,0.0059,0.0053
4105_irnt,0.0169,0.0182,0.0088,0.0086,0.0066,0.0186,0.015,0.0122,0.0083,0.0109,0.0175,0.0087,0.006999999999999999,0.0056,0.0053,0.0085,0.0123,0.0032,0.0065,0.0084,0.003,0.0059
3148_irnt,0.0201,0.0189,0.0087,0.0068,0.0089,0.0198,0.0178,0.01,0.0064,0.0125,0.0154,0.01,0.0053,0.0042,0.0037,0.0095,0.0139,0.0037,0.0048,0.0069,0.003,0.0038
4100_irnt,0.0188,0.0182,0.0155,0.0084,0.0142,0.0217,0.0152,0.0125,0.0108,0.0109,0.01,0.012,0.0066,0.0081,0.0081,0.0085,0.0106,0.0077,0.0071,0.0074,0.0024,0.0044
30080_irnt,0.0225,0.0133,0.0144,0.0065,0.0116,0.0124,0.0101,0.0068,0.012,0.0071,0.0142,0.019,0.0047,0.0081,0.0044,0.0066,0.0112,0.0029,0.0121,0.006,0.002,0.005
3143_irnt,0.0187,0.0178,0.013999999999999999,0.0093,0.0158,0.0207,0.0167,0.0134,0.0121,0.0097,0.0108,0.0137,0.0073,0.0088,0.0068,0.0095,0.0112,0.0081,0.0077,0.0069,0.0018,0.0027
5085_irnt,0.0186,0.0216,0.0125,0.0104,0.0096,0.0166,0.012,0.0097,0.0087,0.0131,0.0125,0.0103,0.0091,0.0091,0.009000000000000001,0.0071,0.0136,0.0058,0.0053,0.0051,0.0032,0.0024
23118_irnt,0.0202,0.0195,0.0151,0.0114,0.0155,0.0182,0.0136,0.0115,0.0101,0.0104,0.0098,0.0159,0.0068,0.0079,0.0065,0.0113,0.0093,0.0078,0.0079,0.0069,0.0016,0.002
5084_irnt,0.0198,0.0211,0.0121,0.0096,0.0087,0.0164,0.0112,0.0099,0.0099,0.0128,0.0125,0.0113,0.0086,0.0081,0.0089,0.0082,0.0137,0.0064,0.0056,0.0051,0.0033,0.0026
23098_irnt,0.0183,0.0192,0.0154,0.0114,0.0137,0.0171,0.0121,0.0111,0.0095,0.0103,0.0105,0.0135,0.0064,0.008,0.0066,0.0112,0.008,0.0079,0.0072,0.006,0.0018,0.0021
30040_irnt,0.016,0.0103,0.0118,0.0069,0.006999999999999999,0.0207,0.0068,0.0074,0.0061,0.0069,0.0079,0.0079,0.0026,0.0057,0.0043,0.0083,0.0064,0.002,0.0114,0.0053,0.0021,0.0083
23106_irnt,0.0191,0.0209,0.0139,0.0119,0.0146,0.012,0.0123,0.0101,0.0103,0.012,0.0107,0.0111,0.0053,0.0074,0.0094,0.01,0.0083,0.0064,0.0083,0.0056,0.0019,0.0026
23104_irnt,0.0165,0.0206,0.015,0.0118,0.0119,0.0135,0.01,0.0103,0.0101,0.0107,0.0111,0.0104,0.0065,0.0075,0.0065,0.0096,0.0076,0.0078,0.0067,0.0054,0.0022,0.0021
1697,0.0178,0.019,0.0123,0.0092,0.0137,0.0163,0.0126,0.0093,0.0094,0.0085,0.0072,0.0147,0.0033,0.0052,0.0107,0.0077,0.0092,0.0035,0.0078,0.0072,0.0016,0.0023
23107_irnt,0.0184,0.0171,0.0124,0.0106,0.0144,0.0106,0.0113,0.0097,0.0094,0.0106,0.0102,0.0107,0.0049,0.0066,0.008,0.0095,0.008,0.0068,0.0068,0.0055,0.002,0.0027
5257_irnt,0.0158,0.016,0.0134,0.0086,0.0105,0.0105,0.0044,0.005,0.015,0.0092,0.0073,0.0063,0.0062,0.004,0.008,0.0092,0.013000000000000001,0.0042,0.003,0.0027,0.0042,0.0027
23109_irnt,0.0176,0.0203,0.0129,0.0106,0.0124,0.0115,0.0109,0.0092,0.0103,0.0113,0.0095,0.0101,0.0043,0.0073,0.0084,0.0086,0.0071,0.0053,0.008,0.005,0.0018,0.0025
23116_irnt,0.0154,0.0184,0.0144,0.0109,0.011000000000000001,0.0136,0.0096,0.0098,0.009000000000000001,0.0103,0.01,0.0105,0.006,0.0071,0.0057,0.0094,0.0068,0.0071,0.0058,0.0049,0.0022,0.0021
5265_irnt,0.015,0.016,0.013000000000000001,0.0083,0.0107,0.0105,0.0057,0.0057,0.0154,0.0085,0.0071,0.0047,0.0041,0.0048,0.0084,0.0092,0.0116,0.0045,0.0042,0.0018,0.0031,0.0013
30110_irnt,0.0216,0.0119,0.0089,0.003,0.0066,0.0092,0.0076,0.0098,0.0072,0.0047,0.0058,0.0108,0.0047,0.0035,0.0037,0.0055,0.0097,0.0021,0.0095,0.0079,0.0013,0.0049
30090_irnt,0.0171,0.0103,0.0116,0.0053,0.0076,0.0102,0.0091,0.0055,0.0109,0.0062,0.0101,0.0142,0.0039,0.0056,0.0031,0.0056,0.0089,0.0026,0.0093,0.0081,0.0024,0.0038
23099_irnt,0.015,0.0184,0.0138,0.0109,0.0106,0.0131,0.0093,0.0086,0.0087,0.0099,0.0094,0.0109,0.006,0.0069,0.0067,0.0085,0.0073,0.0059,0.0061,0.0049,0.0024,0.0024
23119_irnt,0.0144,0.0185,0.0135,0.0102,0.0104,0.0122,0.0087,0.0084,0.0087,0.0087,0.0093,0.0102,0.0059,0.0066,0.0061,0.0082,0.0071,0.0061,0.0062,0.0049,0.0021,0.0021
23115_irnt,0.0144,0.0184,0.0128,0.0106,0.0099,0.0125,0.0086,0.0088,0.0091,0.0106,0.0092,0.0098,0.0059,0.0064,0.0058,0.0076,0.0071,0.0059,0.0055,0.0049,0.0024,0.0019
20016_irnt,0.0146,0.0186,0.013000000000000001,0.0106,0.0095,0.0109,0.0112,0.0067,0.0072,0.01,0.0091,0.008,0.0048,0.0057,0.0049,0.009000000000000001,0.005,0.0044,0.0052,0.0048,0.0022,0.0033
49_irnt,0.0153,0.016,0.0126,0.0095,0.011000000000000001,0.0147,0.0092,0.0085,0.0073,0.0089,0.0092,0.0114,0.0054,0.0062,0.0059,0.0091,0.0068,0.0062,0.0058,0.0054,0.0016,0.0021
30290_irnt,0.0161,0.0128,0.0095,0.0052,0.0109,0.0124,0.0084,0.0077,0.006999999999999999,0.0088,0.008,0.0087,0.0032,0.0057,0.0034,0.0057,0.0113,0.0027,0.0109,0.009000000000000001,0.0007,0.0026
30070_irnt,0.0156,0.0094,0.0102,0.0028,0.0097,0.0141,0.0073,0.0106,0.0066,0.0056,0.0089,0.0061,0.003,0.0067,0.0065,0.0047,0.0101,0.0016,0.0118,0.0033,0.0014,0.0066
30010_irnt,0.0145,0.0128,0.0092,0.0055,0.0063,0.0187,0.0082,0.0059,0.0079,0.0059,0.008,0.0088,0.0026,0.0045,0.0056,0.0067,0.0075,0.002,0.0107,0.0039,0.0023,0.0048
3062_irnt,0.0154,0.017,0.0112,0.009000000000000001,0.0105,0.0148,0.0094,0.0068,0.0097,0.006999999999999999,0.0064,0.0118,0.0048,0.0052,0.0072,0.0062,0.0071,0.0038,0.0051,0.005,0.0018,0.002
2714,0.013000000000000001,0.0143,0.0101,0.0079,0.0097,0.0146,0.0074,0.0083,0.0117,0.0081,0.0104,0.0071,0.0061,0.0052,0.0052,0.0074,0.0059,0.0041,0.0064,0.004,0.0016,0.0023
30240_irnt,0.0157,0.0114,0.0092,0.0046,0.0102,0.0119,0.008,0.0077,0.0058,0.0079,0.0079,0.0079,0.0028,0.0053,0.0037,0.0059,0.0109,0.0023,0.0101,0.0081,0.0006,0.0033
30270_irnt,0.017,0.0092,0.0082,0.0053,0.0043,0.0149,0.0069,0.0062,0.0067,0.0054,0.0084,0.0069,0.0023,0.0044,0.0026,0.0064,0.006999999999999999,0.0016,0.0109,0.0041,0.0008,0.0067
30260_irnt,0.0175,0.0099,0.0071,0.0053,0.0041,0.0145,0.006999999999999999,0.0056,0.0072,0.0053,0.0075,0.0069,0.0025,0.0036,0.0027,0.0079,0.0086,0.0017,0.0096,0.0053,0.0008,0.0056
30130_irnt,0.0138,0.0099,0.0077,0.0031,0.0045,0.009000000000000001,0.0054,0.0069,0.0086,0.0075,0.0055,0.0064,0.0047,0.0031,0.0041,0.0056,0.008,0.001,0.0105,0.0062,0.0005,0.0033
48_irnt,0.0138,0.0153,0.0123,0.009000000000000001,0.01,0.0114,0.0082,0.008,0.0079,0.009000000000000001,0.0091,0.0084,0.005,0.006,0.0051,0.009000000000000001,0.0061,0.0063,0.0054,0.004,0.0016,0.0016
5263_irnt,0.0166,0.0159,0.0117,0.0074,0.0104,0.0104,0.0077,0.0067,0.0124,0.0067,0.0093,0.0053,0.0049,0.0035,0.0061,0.0073,0.0079,0.002,0.0025,0.0024,0.0035,0.0033
30210_irnt,0.0132,0.0137,0.0114,0.0038,0.0108,0.0096,0.0088,0.0058,0.0062,0.0085,0.0069,0.0069,0.0037,0.0037,0.0024,0.0078,0.0067,0.0021,0.0086,0.0022,0.0031,0.003
20154_irnt,0.0141,0.0147,0.0111,0.0103,0.0095,0.0108,0.009000000000000001,0.0064,0.0086,0.0085,0.0056,0.0092,0.0025,0.0045,0.0067,0.006999999999999999,0.0066,0.0031,0.0028,0.0048,0.002,0.0031
5256_irnt,0.012,0.0131,0.0124,0.006,0.0083,0.0108,0.0031,0.0034,0.0114,0.0078,0.0049,0.0042,0.0043,0.0041,0.0068,0.0062,0.0096,0.0041,0.0016,0.002,0.0031,0.0017
5255_irnt,0.0127,0.013000000000000001,0.0113,0.0072,0.01,0.0104,0.0077,0.0065,0.0104,0.0064,0.0107,0.0049,0.0059,0.0029,0.0048,0.0072,0.01,0.0023,0.0026,0.0023,0.0025,0.0031
30190_irnt,0.0141,0.0092,0.0074,0.0029,0.0024,0.0071,0.0055,0.0072,0.0068,0.0045,0.0047,0.0039,0.0034,0.0021,0.0032,0.0055,0.0077,0.0002,0.0095,0.0051,0.0005,0.0015
30120_irnt,0.0143,0.0143,0.0089,0.0108,0.0074,0.0114,0.0071,0.0065,0.0062,0.0076,0.0066,0.0103,0.004,0.004,0.0035,0.0052,0.0077,0.0017,0.0132,0.0047,0.001,0.0045
3063_irnt,0.0127,0.0146,0.0102,0.0094,0.0093,0.0129,0.0083,0.0063,0.0084,0.0071,0.0067,0.0103,0.0041,0.0051,0.0067,0.0054,0.0057,0.0035,0.0038,0.0043,0.0013,0.0021
2395_1,0.026000000000000002,0.027000000000000003,0.0124,0.0053,0.0118,0.0266,0.0139,0.0083,0.0066,0.0098,0.0076,0.0094,0.0005,0.0025,0.0073,0.0058,0.0088,0.006999999999999999,0.005,0.0091,0.0012,0.0048
30000_irnt,0.0148,0.0125,0.0076,0.0065,0.0077,0.0096,0.0082,0.0079,0.0072,0.0084,0.0067,0.0084,0.0032,0.004,0.004,0.0044,0.0087,0.0024,0.0087,0.0034,0.0014,0.0032
12340_irnt,0.0062,0.006,0.0133,-0.0041,0.0082,0.0181,0.0073,0.0148,-0.005,0.0047,-0.0002,0.0035,0.0031,0.0049,0.0056,-0.0026,0.0182,0.0045,0.0113,0.0016,0.0016,0.0074
6138_1,0.0205,0.0241,0.0177,0.0145,0.0158,0.016,0.013999999999999999,0.0111,0.0109,0.0109,0.0122,0.0098,0.0076,0.0078,0.0067,0.0093,0.0066,0.0076,0.0051,0.0063,0.003,0.0032
5264_irnt,0.0112,0.0121,0.0115,0.0057,0.0073,0.0081,0.005,0.0042,0.0111,0.0067,0.0043,0.0033,0.0021,0.0029,0.0062,0.0067,0.0102,0.0039,0.0025,0.001,0.002,0.0006
30150,0.0097,0.0116,0.01,0.0033,0.0098,0.0082,0.0078,0.0041,0.0063,0.0075,0.0057,0.0077,0.0027,0.0035,0.002,0.0076,0.0054,0.0016,0.0073,0.002,0.0026,0.0028
2139_irnt,0.0109,0.0126,0.0102,0.0067,0.0079,0.009000000000000001,0.0068,0.0069,0.0066,0.0068,0.0062,0.0056,0.004,0.0047,0.0037,0.0058,0.0032,0.004,0.0023,0.003,0.0016,0.0015
22147_irnt,0.0066,0.0183,0.0042,0.0116,0.002,0.0058,0.0021,0.0008,0.0112,0.0035,0.0143,0.0066,0.0034,-0.0004,0.0013,0.0098,0.0159,0.0114,0.0026,0.0014,0.0004,0.0005
2395_4,0.0312,0.0256,0.013999999999999999,0.0069,0.0134,0.0307,0.0116,0.0076,0.0081,0.0087,0.0053,0.0104,0.002,0.0041,0.0077,0.0065,0.0117,0.0084,0.0021,0.0067,0.0002,0.0026
30140_irnt,0.0134,0.0104,0.0061,0.0057,0.0068,0.0079,0.0075,0.0074,0.0056,0.0068,0.0058,0.0055,0.002,0.0029,0.0039,0.0035,0.0078,0.0023,0.0064,0.0028,0.0012,0.0023
30020_irnt,0.0113,0.0092,0.0066,0.0044,0.004,0.0119,0.0052,0.0048,0.0062,0.0053,0.0061,0.0072,0.0019,0.0026,0.0054,0.0048,0.0074,0.0014,0.0077,0.0028,0.0028,0.0054
102_irnt,0.0105,0.0112,0.0087,0.005,0.0064,0.0111,0.008,0.0028,0.0046,0.0053,0.0055,0.0075,0.0022,0.006,0.0046,0.0054,0.0042,0.0034,0.004,0.0029,0.0008,0.0014
5556,0.013999999999999999,0.02,0.013000000000000001,0.0107,0.0108,0.0159,0.013999999999999999,0.0145,0.0062,0.0081,0.0093,0.0071,0.0035,0.0086,0.0009,0.008,0.0059,0.0075,0.0012,0.001,0.0025,0.0063
12336_irnt,0.002,0.0181,0.011000000000000001,0.0062,0.0029,0.0083,0.0118,-0.0007,-0.0004,0.0081,0.006,0.0078,-0.0019,0.0015,0.0096,0.0068,-0.0002,0.0083,0.0079,-0.0021,0.0074,0.0004
30180_irnt,0.011000000000000001,0.0106,0.006,0.0104,0.0065,0.0082,0.0058,0.006,0.0041,0.0057,0.0047,0.0048,0.0022,0.0026,0.0036,0.0027,0.0065,0.0015,0.0101,0.0039,0.0008,0.0032
4080_irnt,0.0093,0.0107,0.0069,0.0065,0.0077,0.0076,0.0065,0.0065,0.0043,0.0071,0.0086,0.0065,0.0026,0.0034,0.0037,0.0049,0.0063,0.0025,0.0035,0.0029,0.0008,0.0013
30280_irnt,0.0122,0.0082,0.0065,0.0037,0.0064,0.006999999999999999,0.0049,0.0047,0.0054,0.0052,0.0046,0.0054,0.002,0.0036,0.0023,0.0029,0.0072,0.0015,0.0089,0.0058,0.0005,0.002
30030_irnt,0.0106,0.0091,0.0059,0.004,0.0038,0.0123,0.0054,0.0044,0.0059,0.005,0.0058,0.0068,0.0018,0.0022,0.0047,0.0038,0.0064,0.0013,0.0069,0.0028,0.0028,0.0048
1687,0.0107,0.0103,0.0074,0.0054,0.0066,0.0083,0.0056,0.0055,0.0055,0.0045,0.006,0.0076,0.0036,0.0034,0.0033,0.0063,0.0034,0.0048,0.0028,0.0033,0.001,0.0016
5254_irnt,0.0084,0.0102,0.0093,0.0048,0.0061,0.0107,0.0062,0.0051,0.0064,0.0046,0.0083,0.003,0.0041,0.0032,0.003,0.0034,0.0062,0.0018,0.001,0.0022,0.0012,0.0017
30200_irnt,0.0105,0.0098,0.0058,0.0074,0.0063,0.0078,0.0062,0.0054,0.0043,0.0046,0.0048,0.0049,0.0016,0.0021,0.0034,0.0044,0.0068,0.0014,0.0095,0.0036,0.0006,0.0026
1717,0.0036,0.0044,0.0032,0.0016,0.0037,0.006,0.0019,0.0022,0.0067,0.0018,0.0098,0.0042,0.0023,0.0022,0.0045,0.0095,0.0021,0.0003,0.0007,0.0086,0.0006,0.0016
4079_irnt,0.0091,0.0109,0.0066,0.0051,0.0064,0.0072,0.0057,0.0054,0.0037,0.0066,0.0071,0.0064,0.0026,0.0023,0.0044,0.005,0.005,0.0028,0.0039,0.0041,0.0015,0.0014
5262_irnt,0.0124,0.011000000000000001,0.0084,0.005,0.0052,0.0077,0.0068,0.0047,0.0071,0.0044,0.0062,0.0038,0.0021,0.0014,0.0037,0.004,0.0047,0.0008,0.0003,0.0012,0.002,0.0025
1747_4,0.0065,0.008,0.0045,0.0038,0.0055,0.0126,0.004,0.0023,0.0081,0.0015,0.0102,0.0091,0.0052,0.0038,0.0081,0.0125,0.0073,0.0002,0.0006,0.0106,0.0012,0.0012
22501_irnt,0.0069,0.0115,0.0081,0.0059,0.0058,0.0048,0.0077,0.0046,0.0054,0.0059,0.0054,0.0036,0.0035,0.0035,0.0021,0.0038,0.0027,0.004,0.0014,0.0026,0.0008,0.0025
4194_irnt,0.0087,0.0071,0.0075,0.0033,0.0067,0.0105,0.0059,0.0013,0.0046,0.0047,0.0051,0.0067,0.0011,0.0053,0.0034,0.0053,0.0031,0.0035,0.0039,0.0027,0.0002,0.0017
6150_100,0.0141,0.0153,0.0105,0.0086,0.0118,0.0117,0.0103,0.0099,0.0055,0.01,0.0111,0.0102,0.0039,0.0033,0.0058,0.0082,0.0069,0.0043,0.0052,0.0058,0.0013,0.0017
93_irnt,0.0085,0.0076,0.0107,0.0053,0.0043,0.0067,0.0026,0.0051,0.0051,0.0062,0.0087,0.0066,0.0019,0.001,0.0035,0.0057,0.0035,0.0003,0.0022,0.0031,-0.0013,-0.0015
1180,0.0083,0.0086,0.0071,0.0046,0.0056,0.0069,0.0058,0.005,0.0045,0.0038,0.005,0.0051,0.0037,0.0032,0.0015,0.0039,0.0027,0.0032,0.0029,0.0022,0.0007,0.0015
1747_1,0.0119,0.0139,0.006999999999999999,0.0063,0.0086,0.0192,0.0056,0.0027,0.0166,0.0013,0.0219,0.0178,0.0078,0.0069,0.0141,0.011000000000000001,0.01,-0.0003,0.0024,0.0083,0.0016,0.0019
2375,0.0059,0.0085,0.005,0.004,0.0064,0.0077,0.0067,0.0031,0.0041,0.0048,0.005,0.0057,0.0014,0.0026,0.0042,0.0041,0.0055,0.0017,0.0024,0.0028,0.0006,0.0015
3476,0.0051143000000000004,0.0037183999999999997,0.006975100000000001,0.009658100000000001,0.0045629,0.0084613,0.008000199999999999,0.0038531,0.0045123,0.0041171,0.00066991,0.0017158000000000002,0.0049828,-1.1934000000000001e-05,0.0089313,0.00088543,0.0017250999999999998,0.0036703000000000005,0.0040384999999999996,0.0026364,-0.00019647,0.0039914
20127_irnt,0.0071,0.008,0.0064,0.0048,0.0058,0.005,0.0057,0.0062,0.005,0.0038,0.0054,0.0039,0.0032,0.0028,0.0022,0.004,0.0032,0.0035,0.0022,0.0017,0.0005,0.0015
3786_irnt,0.0054,0.0133,0.0078,0.0042,0.0027,0.005,0.0028,0.0035,0.0031,0.0013,0.0046,0.0057,0.0032,0.0022,0.0019,0.0041,0.0141,0.0021,0.0012,0.0012,0.0012,0.0017
47_irnt,0.0084,0.0087,0.0053,0.0041,0.0057,0.0066,0.0054,0.0035,0.0051,0.0042,0.0046,0.0055,0.0026,0.0033,0.0035,0.0038,0.0039,0.0022,0.0026,0.0027,0.0011,0.0016
46_irnt,0.0083,0.0088,0.0056,0.0041,0.0054,0.0064,0.0057,0.004,0.0046,0.004,0.0041,0.005,0.0025,0.0034,0.0038,0.0041,0.004,0.0024,0.0026,0.0025,0.0012,0.0016
6177_2,0.015,0.0125,0.011000000000000001,0.0071,0.0097,0.0111,0.0074,0.0082,0.0064,0.0088,0.0107,0.0092,0.005,0.0045,0.0057,0.0061,0.0077,0.0057,0.0062,0.0063,0.0009,0.0015
1737,0.004185899999999999,0.0051798,0.0043839,0.0032521,0.003885,0.006630199999999999,0.0030946,0.0039496999999999996,0.0035911999999999997,0.0020803,0.0056966000000000004,0.0031271999999999997,0.0018684,0.0018515,0.0019355,0.007753100000000001,0.0018805,0.0016944000000000002,0.00084349,0.0062236999999999995,5.2107e-05,0.00131
5157_irnt,0.01,0.0055,0.0061,0.0029,0.0048,0.0085,0.0022,0.0074,0.0027,0.0063,0.0027,0.0039,0.0018,0.0036,0.005,0.0019,0.0029,0.0017,0.0019,0.0049,0.0026,0.0015
4282,0.0058303,0.013859,0.0087534,0.0036975000000000003,0.006337,0.0013308,0.0059291000000000005,0.0041473,0.0043831,0.0016158000000000001,0.0052031,0.0030011,0.005163399999999999,0.0064843,-6.3019e-05,-0.0016691,-2.1046999999999997e-05,0.002637,0.0029191,-0.00061123,0.0026081,0.002759
94_irnt,0.0061,0.008,0.005,0.0047,0.0046,0.0055,0.0005,0.0045,0.0018,0.0045,0.006999999999999999,0.0077,0.003,0.0017,0.0055,0.0047,0.0025,0.0038,0.0024,0.004,-0.0016,-0.0019
6153_2,0.0165,0.0172,0.0125,0.0068,0.0127,0.0127,0.0093,0.0122,0.0057,0.0104,0.0137,0.0104,0.0028,0.0036,0.0068,0.0098,0.0071,0.0011,0.0046,0.008,0.0023,0.0013
1070,0.0069,0.0089,0.0059,0.0052,0.0058,0.005,0.0043,0.0045,0.0047,0.0041,0.0042,0.0037,0.0028,0.0022,0.0024,0.0029,0.0027,0.0024,0.0021,0.0024,0.0012,0.0011
6138_100,0.0144,0.0202,0.0129,0.0114,0.0133,0.0118,0.012,0.0079,0.0067,0.0102,0.0089,0.0087,0.0067,0.006999999999999999,0.004,0.0081,0.0046,0.006,0.004,0.004,0.0021,0.0029
20022_irnt,0.0072,0.0065,0.0053,0.0028,0.004,0.0075,0.0056,0.003,0.0034,0.0045,0.0061,0.0055,0.0019,0.0018,0.0033,0.0041,0.0042,0.001,0.0041,0.0031,0.0007,0.0017
845,0.0064,0.0098,0.006,0.0042,0.0054,0.0049,0.0056,0.0036,0.0031,0.0046,0.0033,0.0039,0.0027,0.0028,0.0021,0.0036,0.0031,0.003,0.002,0.002,0.0008,0.0017
3064_irnt,0.0072,0.0077,0.0048,0.0059,0.0052,0.0063,0.0035,0.0039,0.0041,0.0034,0.0036,0.005,0.0017,0.0024,0.0035,0.0027,0.0033,0.0014,0.002,0.0023,0.0009,0.0012
5012,0.0127,0.0117,0.0083,0.0049,0.0089,0.0103,0.0083,0.0055,0.0044,0.0051,0.0067,0.0091,0.0031,0.0077,0.0023,0.0075,0.0048,0.0043,0.0039,0.0036,0.0005,0.0024
3456,0.006583499999999999,0.0056074,0.0085935,0.0049834,0.00033457,0.0022988,0.012024,0.0026608,0.0024185,0.00090869,0.00012521,0.0016558,-0.0012276,0.0028872,0.008623200000000001,0.004813800000000001,0.004462300000000001,0.0042354,0.0058765,0.0057280000000000005,6.7898e-05,-0.00035007
2744,0.0065,0.0059,0.0055,0.0035,0.0052,0.0066,0.0049,0.003,0.0043,0.0047,0.0046,0.0057,0.0016,0.0019,0.0043,0.0031,0.0026,0.001,0.0032,0.0021,0.0008,0.0006
6177_100,0.012,0.0104,0.0079,0.0059,0.008,0.0088,0.0071,0.0068,0.006,0.0054,0.0083,0.006,0.004,0.0029,0.0052,0.0052,0.0064,0.0048,0.0063,0.0049,0.0008,0.0008
2178,0.0065,0.0067,0.006,0.0048,0.0041,0.0055,0.0043,0.0041,0.0036,0.003,0.0045,0.0039,0.0029,0.0031,0.002,0.0033,0.0031,0.0027,0.0022,0.0019,0.0006,0.0013
1618,0.0114,0.0145,0.0108,0.0083,0.0078,0.0073,0.0069,0.0068,0.006999999999999999,0.0066,0.0067,0.0053,0.0039,0.0034,0.0034,0.0049,0.0041,0.0035,0.0028,0.0034,0.0019,0.0017
20116_0,0.0108,0.0122,0.0102,0.0072,0.0058,0.0073,0.006999999999999999,0.0059,0.0067,0.0067,0.0082,0.0052,0.0042,0.0038,0.0034,0.0048,0.0029,0.004,0.0019,0.0032,0.0011,0.0008
1080,0.0058,0.0077,0.0047,0.0046,0.0047,0.0046,0.0046,0.0033,0.0042,0.0032,0.0043,0.0039,0.0027,0.0028,0.0018,0.0034,0.0021,0.0018,0.0016,0.0021,0.0006,0.0011
2887,0.0075,0.0038,0.0057,0.0028,0.0041,0.0044,0.0044,0.0046,0.0021,0.003,0.0029,0.0016,0.0017,0.0029,0.0047,0.002,0.003,0.0022,0.0029,0.0016,0.0005,0.0009
3436_irnt,0.0007,0.0111,0.0053,0.0073,0.0026,0.0021,0.0048,0.0038,0.0017,0.0019,0.0065,0.0059,0.0057,0.0038,-0.001,0.003,-0.0007,0.0017,-0.0007,0.0008,-0.001,0.0019
6138_2,0.0116,0.0158,0.0089,0.0079,0.0081,0.0083,0.0076,0.0069,0.0057,0.0064,0.0062,0.0065,0.0045,0.0041,0.003,0.0055,0.0038,0.0042,0.0032,0.0031,0.0014,0.0023
1249,0.0061,0.0075,0.0065,0.0039,0.0036,0.0048,0.0042,0.0035,0.0037,0.004,0.0049,0.0032,0.0026,0.002,0.0021,0.0029,0.0018,0.0024,0.0012,0.002,0.0007,0.0006
5158_irnt,0.0081,0.0064,0.0037,0.0016,0.003,0.0085,0.0065,0.0039,0.0018,0.0049,0.0023,0.0035,0.0014,0.0041,0.0042,0.0019,0.0021,0.0009,-0.0011,0.0054,0.0012,0.0028
3761_irnt,0.0064417,0.0066443,0.0043392,0.0056155,0.0040846,0.0024077,0.0024163,0.0040825,0.0015593,0.0040598,0.0056286999999999995,0.0033912,0.0027142,0.0032191000000000003,0.0026339,0.0021029,0.0030122,0.0037811,0.0019574,0.0014793,-0.00010611,5.2535e-05
738,0.0061,0.0074,0.0051,0.0046,0.0045,0.005,0.0041,0.0035,0.0037,0.0033,0.0031,0.003,0.0019,0.0024,0.0025,0.0036,0.0018,0.0025,0.0013,0.0018,0.0006,0.0015
400_irnt,0.0054,0.0078,0.005,0.004,0.0046,0.004,0.004,0.0035,0.0027,0.0037,0.0033,0.0031,0.0023,0.0021,0.0026,0.0035,0.0022,0.0017,0.0019,0.0014,0.0011,0.0015
22506_114,0.0087,0.0126,0.0119,0.0066,0.0031,0.005,0.0035,0.009000000000000001,0.0051,0.0065,0.0071,0.0058,0.0039,0.0032,0.0037,0.0039,0.0024,0.0014,0.002,0.0029,0.0014,0.0007
404_irnt,0.0057,0.0069,0.005,0.0044,0.0039,0.0043,0.0043,0.0029,0.0027,0.0028,0.0041,0.0041,0.002,0.0018,0.0016,0.0028,0.0025,0.0018,0.0019,0.0016,0.0007,0.0012
20489,0.0053,0.0054,0.0055,0.0041,0.0043,0.0039,0.0053,0.0025,0.0028,0.0042,0.003,0.003,0.0028,0.002,0.0017,0.0025,0.0017,0.0022,0.001,0.0021,0.0003,0.0013
4283,0.0043,0.011000000000000001,0.0083,0.0012,0.0043,0.003,0.0025,0.0044,0.0055,0.0023,0.0039,0.0037,0.0012,0.0039,0.0009,0.0007,0.0006,0.0021,0.0012,-0.0004,0.0011,0.002
3466,0.007662,0.004991399999999999,0.011819,0.0024908,-0.0031665,0.0062266000000000005,0.0078452,0.0026743,0.0032838999999999998,-0.0045837,0.0017164,0.0039411,-7.3455e-05,0.0074960999999999995,0.0021066999999999995,0.0027458,0.0016141999999999999,0.0023559,0.002482,0.0043013999999999995,-0.0015227,0.0034455999999999996
5116_irnt,0.008723999999999999,0.0063372,0.005763399999999999,0.004932,0.0048978,0.0035137000000000002,0.0016581,0.0033333,0.0014725,0.0027386,0.0038759,0.0033801,0.00185,0.0014345,0.0019319000000000003,0.0051898000000000005,0.0038369,-7.194e-05,2.9814e-05,0.00044415,0.00095206,0.0007024
20414,0.0049,0.0062,0.005,0.0046,0.0047,0.0041,0.0055,0.002,0.0031,0.0029,0.0035,0.002,0.0011,0.0016,0.002,0.0036,0.0022,0.0027,0.0021,0.0016,0.0005,0.0015
924,0.0055,0.0054,0.0048,0.0042,0.0033,0.0048,0.0036,0.0033,0.0026,0.0032,0.0034,0.0037,0.0028,0.0025,0.0017,0.0027,0.0026,0.002,0.0023,0.0016,0.0006,0.0008
2149,0.0054,0.0065,0.0052,0.0042,0.0035,0.0039,0.0035,0.0036,0.0036,0.0034,0.0027,0.003,0.0018,0.0029,0.0016,0.0032,0.0018,0.0016,0.0012,0.0013,0.0007,0.0016
20023_irnt,0.0055,0.0067,0.0051,0.0042,0.0038,0.0043,0.0042,0.0026,0.0025,0.0025,0.004,0.0041,0.002,0.0015,0.0014,0.0025,0.0027,0.0018,0.0017,0.0016,0.0006,0.0013
1558,0.0043,0.0067,0.0047,0.0045,0.0037,0.0042,0.0048,0.0026,0.0028,0.0032,0.0033,0.0025,0.0018,0.0021,0.0019,0.0043,0.0023,0.0026,0.0017,0.0018,0.0004,0.001
4990,0.0095,0.0108,0.0061,0.0089,0.005,0.0077,0.0062,0.0058,0.0056,0.0063,0.0049,0.0037,0.003,0.0039,0.0036,0.0045,0.0038,0.0015,0.0032,0.005,0.0021,0.0006
1190,0.0058,0.0063,0.0047,0.0026,0.0038,0.0055,0.0035,0.0027,0.0033,0.0025,0.0031,0.0032,0.0022,0.0021,0.0018,0.0028,0.0031,0.0021,0.0012,0.0014,0.0008,0.0011
4957,0.0137,0.0204,0.0137,0.0077,0.0086,0.0079,0.0104,0.0064,0.0068,0.0059,0.0034,0.0073,0.0032,0.0032,0.0034,0.0052,0.0055,0.0035,0.0029,0.003,0.0011,0.0019
20453,0.004,0.0065,0.0058,0.0052,0.0027,0.0049,0.0023,0.0023,0.0031,0.0043,0.0034,0.0023,0.0021,0.0019,0.001,0.002,0.0021,0.0016,0.0015,0.0017,0.0009,0.0013
3710,0.0028,0.0083,0.0058,-0.0002,0.0006,0.0053,0.0018,0.0032,0.0005,0.0016,0.0056,0.0018,0.0002,0.0018,0.0045,0.0048,0.0019,0.0035,0.002,0.0053,-0.0004,0.0022
20128,0.0038,0.0079,0.0033,0.0031,0.003,0.0034,0.0043,0.0024,0.0034,0.0039,0.004,0.0018,0.0025,0.0012,0.0013,0.0029,0.0023,0.0029,0.0016,0.0022,0.001,0.0017
1980,0.008,0.009000000000000001,0.0073,0.0051,0.0062,0.0051,0.0066,0.0074,0.0048,0.0043,0.0058,0.0043,0.0039,0.0024,0.0025,0.0044,0.0032,0.0033,0.0018,0.0022,0.0008,0.0014
1518,0.0051,0.0068,0.0048,0.0033,0.0036,0.0038,0.0033,0.0023,0.0034,0.0023,0.0029,0.003,0.0016,0.0019,0.0025,0.0027,0.0022,0.0027,0.0015,0.0012,0.0005,0.0011
4548,0.0052,0.0043,0.0042,0.0028,0.0042,0.0035,0.0023,0.003,0.0037,0.0035,0.0046,0.0019,0.0026,0.0024,0.001,0.0043,0.0031,0.0016,0.0015,0.0013,0.0005,0.0004
20160,0.0073,0.01,0.0088,0.0054,0.0052,0.0054,0.0056,0.0048,0.0047,0.0053,0.0063,0.0042,0.0032,0.0031,0.003,0.0039,0.0027,0.0032,0.0013,0.0024,0.0007,0.0009
20479,0.0039,0.0064,0.0044,0.0042,0.0044,0.0031,0.0049,0.0016,0.0025,0.0022,0.0034,0.0014,0.0016,0.0016,0.0017,0.0022,0.0016,0.0025,0.0015,0.0012,0.0014,0.001
6177_1,0.0116,0.0092,0.0073,0.004,0.0058,0.0084,0.0055,0.0064,0.005,0.0017,0.0074,0.004,0.0023,0.0022,0.0033,0.0045,0.0052,0.0031,0.0101,0.0045,0.0006,0.0006
5983_irnt,0.0029,0.0059,0.0041,0.0027,0.0026,0.0117,0.0017,0.0015,0.002,0.0045,0.001,0.0041,-0.0027,0.0023,0.002,0.0038,0.0031,0.0008,0.0023,0.0029,-0.0017,0.0026
22506_113,0.0082,0.0139,0.0114,0.0048,0.0024,0.0044,0.0019,0.006999999999999999,0.0041,0.0039,0.0058,0.0051,0.0033,0.0025,0.0036,0.0036,0.001,0.0011,0.0022,0.0015,0.0005,0.0003
2237,0.0045,0.0061,0.0047,0.0036,0.0034,0.0036,0.0026,0.0029,0.0028,0.0029,0.0031,0.0023,0.0012,0.002,0.002,0.0026,0.0021,0.0011,0.0012,0.0012,0.0009,0.0011
3606,0.0096,0.0183,0.0096,0.0031,0.0052,0.0083,0.0075,0.0083,0.0078,0.0056,0.0062,0.0048,0.0039,0.0055,0.0043,0.0034,0.0046,-0.0003,0.0025,0.0036,0.0013,0.0029
1050,0.0052,0.0059,0.0038,0.0034,0.0035,0.0038,0.0032,0.0028,0.0032,0.0023,0.0035,0.0026,0.0019,0.002,0.0014,0.0026,0.0017,0.0017,0.001,0.0014,0.0005,0.0015
2217_irnt,0.0049,0.0063,0.0046,0.0031,0.0028,0.0036,0.0029,0.0024,0.0022,0.0028,0.0036,0.0029,0.002,0.0013,0.0018,0.0026,0.0029,0.0014,0.0012,0.0014,0.001,0.0009
20459,0.0022,0.0058,0.0047,0.0024,0.0032,0.0041,0.0026,0.0031,0.0032,0.003,0.0021,0.0038,0.0019,0.0029,0.0013,0.0036,0.0022,0.0011,0.0017,0.0014,0.0006,0.0005
30530_irnt,0.0047,0.0056,0.0033,0.0026,0.0033,0.0042,0.0034,0.0026,0.0028,0.003,0.0032,0.0025,0.002,0.0026,0.0011,0.0021,0.0023,0.0018,0.0019,0.0016,0.0004,0.0009
1160,0.0046,0.0056,0.004,0.0034,0.0036,0.0037,0.0029,0.0031,0.0019,0.0025,0.0034,0.0022,0.002,0.0021,0.0015,0.0029,0.002,0.0015,0.0012,0.001,0.0004,0.0009
1170,0.0054,0.0051,0.0037,0.0027,0.0031,0.0041,0.0035,0.0027,0.0027,0.002,0.0032,0.0027,0.0019,0.0026,0.0014,0.0025,0.0021,0.0017,0.0016,0.001,0.0007,0.0008
6152_100,0.0095,0.0106,0.0067,0.0051,0.0086,0.0062,0.0044,0.0028,0.0056,0.0041,0.0063,0.0053,0.0031,0.0018,0.003,0.0032,0.0051,0.0018,0.0037,0.0027,0.0012,0.0017
1960,0.0063,0.009000000000000001,0.0064,0.0052,0.0057,0.0045,0.005,0.0057,0.0044,0.0043,0.0049,0.0037,0.003,0.0029,0.0027,0.0043,0.003,0.0026,0.002,0.0018,0.0007,0.0014
20441,0.0082,0.0084,0.0046,0.0069,0.0059,0.0061,0.0071,0.0034,0.002,0.0054,0.0024,0.0041,0.0027,0.0037,0.0017,0.0035,0.0024,0.003,0.001,0.0018,-0.0002,0.002
20417,0.0031,0.0117,0.008,0.0069,0.0082,0.0124,0.0027,-0.0007,0.0023,0.0038,0.0012,0.0031,0.001,0.0025,-0.0002,0.0025,0.0079,0.0016,0.0043,0.0028,0.0002,0.0045
1920,0.0068,0.0067,0.0057,0.0047,0.0053,0.0049,0.0052,0.0053,0.005,0.0035,0.0048,0.004,0.0034,0.003,0.0026,0.0046,0.0022,0.0038,0.0013,0.0018,0.0005,0.0017
22126,0.0051,0.0126,0.0054,0.0071,0.011000000000000001,0.0049,0.0062,0.0018,0.0073,0.003,0.0041,0.0072,0.0049,0.0031,0.0039,0.0037,0.005,0.0017,0.0037,0.0033,0.0006,0.0031
6152_9,0.0107,0.0123,0.0062,0.0061,0.0092,0.0064,0.0052,0.0026,0.0063,0.0044,0.006,0.0057,0.003,0.0027,0.003,0.0039,0.0046,0.002,0.0037,0.0032,0.0009,0.0023
137,0.0045,0.005,0.0034,0.0026,0.0028,0.0044,0.003,0.0022,0.0028,0.0021,0.0028,0.003,0.0021,0.0018,0.0017,0.0026,0.002,0.0018,0.0016,0.0012,0.0005,0.0006
1757,0.0045,0.0051,0.0037,0.0028,0.0028,0.0048,0.0024,0.0025,0.0028,0.002,0.0024,0.0022,0.0013,0.0019,0.0021,0.002,0.002,0.0015,0.0011,0.0018,0.0006,0.0007
2644,0.0049,0.0104,0.0064,0.0048,0.0028,0.0032,0.0062,0.0018,0.0049,0.0041,0.005,0.0038,0.0039,0.0042,0.0054,0.0049,0.0025,0.0014,0.001,0.0016,0.0009,0.0004
1940,0.0077,0.0088,0.0061,0.0048,0.0053,0.0054,0.0051,0.0077,0.0043,0.004,0.0057,0.0038,0.0033,0.0033,0.0023,0.004,0.0029,0.0041,0.0017,0.0019,0.0005,0.0017
6153_100,0.0095,0.0092,0.0058,0.0037,0.0054,0.0075,0.0046,0.0061,0.002,0.0037,0.006,0.0047,0.0017,0.0008,0.0028,0.0046,0.0035,0.0013,0.0033,0.0033,0.0012,0.0005
5119_irnt,0.0066,0.0053,0.0043,0.0046,0.0033,0.0038,0.0023,0.0021,0.0015,0.0032,0.0029,0.0002,0.0011,0.0011,0.0013,0.002,0.0036,0.0005,0.0002,0.0007,0.0009,0.0013
30510_irnt,0.0053,0.0043,0.0029,0.0028,0.0032,0.0036,0.0035,0.0023,0.0024,0.0027,0.002,0.0022,0.0019,0.0021,0.0022,0.0017,0.0018,0.0016,0.0018,0.0016,0.0003,0.0011
1970,0.0075,0.0076,0.0074,0.0051,0.0048,0.0056,0.006,0.0062,0.005,0.0046,0.005,0.0045,0.0031,0.0039,0.0037,0.005,0.004,0.0029,0.0028,0.0027,0.0005,0.0015
2867_irnt,0.0034817,0.0059229999999999994,0.006593899999999999,0.0047631,0.0026651,0.0029519000000000004,0.0026884,0.0010226,0.0019881,0.0011289000000000002,0.0020433,0.002228,0.0020989,0.00044227,0.0013123,0.0037274,0.0022465,0.0009554,-4.4302e-07,0.0026288,0.00025769,0.00060798
1200,0.0042,0.005,0.0037,0.0026,0.0027,0.0028,0.003,0.0028,0.0024,0.0027,0.0023,0.0025,0.0023,0.0013,0.0016,0.0022,0.002,0.0017,0.0011,0.0013,0.0004,0.0006
2385,0.0051,0.0043,0.0024,0.0026,0.0026,0.0041,0.0031,0.0024,0.003,0.0029,0.0028,0.003,0.0003,0.0009,0.002,0.0021,0.0029,0.0012,0.0016,0.0023,0.0007,0.0009
20499,0.0093,0.0082,0.005,0.0046,0.0059,0.0057,0.0036,0.003,0.0042,0.0035,0.0038,0.0029,0.0023,0.0038,0.0023,0.0033,0.0015,0.0035,0.0013,0.0021,0.0003,0.0015
4526,0.0044,0.0043,0.0039,0.0024,0.0026,0.0033,0.0031,0.002,0.0024,0.0025,0.0021,0.0013,0.0019,0.0015,0.0017,0.0037,0.0028,0.0022,0.0013,0.0012,0.0002,0.0005
20536_0,0.0075867999999999994,0.0070105,0.0069286999999999994,0.0053628,0.0036372,0.0040588,0.0071558,0.0040467,0.0028573,0.00279,0.00032456,0.004828,0.0024065000000000002,0.00033766,0.0038867,0.0042998,0.0018844,0.004178800000000001,0.004460899999999999,0.001031,3.716e-06,0.0020967
5104_irnt,0.005,0.0033,0.0011,0.0023,0.0006,0.0045,0.0052,0.0036,0.0002,0.0038,0.0032,0.0027,0.0023,0.0014,0.003,0.0015,0.0028,0.0009,0.0007,0.0025,-0.0006,0.0011
2000,0.0063,0.0071,0.0052,0.0041,0.0058,0.0044,0.0034,0.0053,0.0037,0.003,0.0053,0.0032,0.003,0.0021,0.0021,0.0027,0.0028,0.0025,0.0015,0.0019,0.0006,0.0014
4968,0.0069,0.0138,0.0091,0.0051,0.0074,0.0071,0.0063,0.0052,0.0038,0.0041,0.0064,0.0093,0.0049,0.0045,0.0011,0.0076,0.0025,0.0032,0.0025,0.0031,0.001,0.001
4598,0.009000000000000001,0.0073,0.006999999999999999,0.0023,0.0051,0.0057,0.0034,0.0032,0.0016,0.0026,0.0026,0.0033,0.0027,0.003,0.0027,0.004,0.0031,0.0039,0.0015,0.0017,0.0006,0.0023
135,0.0049,0.0046,0.0033,0.0025,0.0029,0.0039,0.0019,0.0025,0.0017,0.0013,0.003,0.0023,0.0021,0.0008,0.0009,0.0026,0.0022,0.0017,0.0015,0.0021,0.0002,0.0009
22146_irnt,0.0034205,0.005549899999999999,0.0056316000000000005,0.0099996,0.0021807,-0.0010723,-0.0030245999999999997,0.0031319000000000004,0.0029641999999999997,0.00076184,0.0040409,0.0070236000000000005,0.0029237,-2.3913000000000003e-05,0.0021877,0.0013767,0.0010067,0.00027729,0.0005947,-0.00090094,-0.00048718,-0.0010068
1950,0.0066,0.0058,0.0046,0.0041,0.0048,0.0049,0.0039,0.0056,0.0053,0.0025,0.0048,0.0037,0.0029,0.0028,0.0023,0.0026,0.0032,0.0025,0.0017,0.0013,0.0005,0.0014
2090,0.0081,0.0075,0.0056,0.0041,0.0049,0.0054,0.0043,0.0039,0.0041,0.0035,0.0049,0.0028,0.0034,0.0028,0.0017,0.0038,0.0017,0.0033,0.0016,0.0018,0.0001,0.0013
20416,0.0043,0.0048,0.0027,0.0047,0.0028,0.0017,0.0019,0.0017,0.0025,0.0023,0.0037,0.0019,0.0011,0.0017,0.0015,0.0026,0.0035,0.0005,0.0006,0.0014,0.0004,0.0007
20500,0.0073,0.0069,0.0064,0.0042,0.0044,0.006,0.0068,0.003,0.003,0.0045,0.0035,0.0035,0.0035,0.0031,0.0011,0.0034,0.0011,0.003,0.002,0.0014,-0.0003,0.0022
4570,0.0041,0.0058,0.0045,0.0036,0.003,0.002,0.0017,0.002,0.0022,0.0021,0.0023,0.0018,0.0014,0.0008,0.0002,0.0027,0.002,0.0017,0.0014,0.0016,0.0011,0.0005
20488,0.0029706999999999997,0.0046408000000000005,0.0041632,0.0029664,0.0035131999999999997,0.0022098,0.0038540999999999996,0.0017855,0.0027488000000000005,0.0018489000000000001,0.0026808000000000005,0.0024127,0.0014814,0.00090941,0.0015735,0.0018941,0.0018317999999999997,0.0014122,8.5277e-05,0.00070181,0.00066983,0.0012005000000000002
4440,0.0092,0.0093,0.0034,0.0013,0.0009,0.0051,-0.0008,0.0035,-0.0014,0.0064,0.0003,0.0014,0.0007,-0.0006,0.0008,-0.0002,0.0027,0.0023,0.0025,0.0023,-0.003,-0.0014
20420_irnt,0.006999999999999999,0.0035,0.0013,-0.0009,0.0032,0.0016,0.0043,0.0067,0.0017,0.0032,0.0018,0.0026,-0.0009,0.0003,0.0023,0.0014,0.0023,0.0005,0.0039,0.0008,-0.0008,0.0026
1930,0.0065458,0.007618300000000001,0.0055816,0.0040262,0.0042672,0.0042679,0.004492100000000001,0.0050529,0.0036436999999999997,0.0035740000000000004,0.0038693000000000004,0.0035066000000000003,0.0027043,0.0025799,0.0020283000000000002,0.0026206999999999997,0.0023644,0.0031655999999999998,0.00096352,0.0012332,3.7699e-05,0.0012392999999999998
2316,0.0068,0.0086,0.0075,0.0042,0.0069,0.0068,0.0044,0.0053,0.0058,0.0056,0.0045,0.0033,0.003,0.003,0.0031,0.0035,0.0039,0.0025,0.0026,0.0021,0.0015,0.0014
6033_irnt,0.003,0.0042,0.0049,0.0025,0.0008,0.0081,0.0021,0.0025,0.0013,0.0053,0.0009,0.002,-0.0026,0.0015,0.0004,0.0035,0.0031,0.0004,0.0014,0.0022,-0.0014,0.0014
20425,0.0057,0.0077,0.0056,0.0041,0.0062,0.0052,0.0076,0.0054,0.0045,0.0029,0.0047,0.002,0.0035,0.0011,0.0037,0.0036,0.0015,0.0024,0.0016,0.0026,0.0018,0.0012
2080,0.0037,0.004,0.0031,0.0021,0.0032,0.0024,0.0025,0.0025,0.0024,0.0021,0.0027,0.0024,0.0018,0.002,0.0011,0.002,0.0019,0.0021,0.0007,0.0012,0.0003,0.0008
1100,0.0037,0.0045,0.0037,0.0032,0.0025,0.0034,0.0025,0.0027,0.002,0.0024,0.0017,0.0021,0.0014,0.0013,0.0012,0.0015,0.0016,0.0016,0.0009,0.0008,0.0007,0.0008
20446,0.005464699999999999,0.0059092,0.0048951,0.0044781000000000005,0.0047428,0.0057003999999999996,0.004425800000000001,0.0038145,0.0024643,0.0030175,0.0033241,0.0028573,0.0032351999999999997,0.0028831,0.0025044,0.0028141999999999998,0.00069683,0.0034784,0.0017101,0.0021175,-7.58e-05,0.0023125999999999997
1210,0.0067,0.0065,0.0049,0.0036,0.0043,0.0048,0.0028,0.0033,0.0042,0.0048,0.0048,0.003,0.0034,0.0027,0.0024,0.0042,0.0045,0.0014,0.0018,0.0026,0.0012,0.0006
20519,0.0015,0.0048,0.0047,0.0012,0.0037,0.0021,0.0044,0.0016,0.0025,0.0014,0.0017,0.0031,0.0021,0.0024,0.0008,0.0022,0.0009,0.0006,0.0012,0.0014,0.0008,0.0006
5105_irnt,0.0026,0.0043,0.0021,0.002,0.0021,0.0055,0.0032,0.0049,-0.0001,0.0044,0.0008,0.0014,0.0017,0.0023,0.0012,0.0026,0.0016,0.0004,0.0005,0.0011,-0.0008,0.0012
3849,-0.0014459000000000002,0.005910899999999999,0.0063155,0.0019774999999999997,0.0044808999999999995,0.0028910999999999997,0.0026643,0.0020478,0.0030198,0.001557,0.0018707,0.001358,0.00058371,0.0034303000000000003,-0.00020409,0.0017509000000000001,0.0018732,0.0015652,0.0019494,-0.0005427,0.0013109999999999999,6.0685e-05
1990,0.0085,0.0083,0.0067,0.0058,0.0065,0.006,0.0062,0.0064,0.0033,0.0039,0.0053,0.0046,0.0034,0.0027,0.0028,0.0049,0.0034,0.0038,0.0024,0.0021,0.0003,0.0016
1747_5,0.0035,0.0059,0.0042,0.0036,0.0057,0.0209,0.0046,0.0027,0.0087,0.0014,0.0128,0.0128,0.0079,0.0041,0.0122,0.019,0.0146,0.0002,0.0014,0.0166,0.0008,0.001
20126_0,0.0106,0.0043,0.0045,0.0032,0.0069,0.006999999999999999,0.0052,0.0029,0.0013,0.0016,0.0035,0.0052,0.0023,0.0032,0.0023,0.0054,0.0027,0.0045,0.0003,0.004,0.0008,0.0031
20460,0.0040195,0.0042692,0.0032398,0.0038193000000000003,0.0031655999999999998,0.0031198,0.0034488,0.0019032,0.0011363,0.0014417,0.0018604,0.0013074999999999999,0.00071408,0.0012438,0.0014042,0.0021086,0.0015956,0.0012327,0.0016317,0.0029444000000000002,8.121699999999999e-05,0.00038294
5110_irnt,0.0041802,0.0037558,0.0046632,0.0062822,0.0012453,0.007932600000000001,0.00093575,0.0029309,0.0031465,-0.00094436,5.2854e-05,0.0028861,-0.00075477,0.0019741,-0.00025096,0.0054344,0.001369,0.0022662,-0.0008875999999999999,-0.0005174,0.0019022000000000002,0.00071577
4803_0,0.0079,0.0071,0.0062,0.004,0.0028,0.0034,0.004,0.006999999999999999,0.0022,0.004,0.0043,0.0028,0.0017,0.0029,0.0025,0.0046,0.004,0.0033,0.0009,0.0017,0.0002,0.0019
20458,0.0043317,0.0039423,0.0042991999999999995,0.0027533,0.0020071999999999998,0.0031258,0.0028945,0.0022148000000000003,0.0015000999999999999,0.0020951999999999998,0.00049254,0.0016597,0.0012636,0.001572,0.0015753,0.0021590999999999997,0.001978,0.0010317,0.0012155,0.0018285,2.2546e-05,0.00088032
20502,0.0021,0.0061,0.0068,0.0044,0.0057,0.0044,0.0066,0.0048,0.0025,0.0075,0.0053,0.0031,0.002,0.0033,0.0028,0.0032,0.0011,0.0015,0.0012,0.0013,-0.0001,0.0015
5106_irnt,0.0057396999999999995,0.0068219,0.0024503,0.0012116,0.0032861999999999995,0.0040146,6.7471e-05,0.0033829999999999997,0.00087741,0.0030775,0.0024758000000000002,-0.00015843,0.00095154,0.0016242000000000001,0.00086972,0.00063215,0.002522,0.00062632,0.0015392000000000001,0.0013978,0.0011467,0.00054471
1568,0.004,0.0047,0.0036,0.0028,0.0023,0.0027,0.0021,0.0021,0.0018,0.0022,0.0024,0.0016,0.0011,0.0013,0.0017,0.0016,0.0012,0.0017,0.0006,0.0012,0.0001,0.0004
20546_3,0.0091,0.0072,0.0039,0.0041,0.005,0.0074,0.0059,0.0032,0.0061,0.0039,0.0024,0.0046,0.0027,0.0025,0.0009,0.0044,0.002,0.0024,0.0017,0.0027,-0.0006,0.0016
5507,0.0047,0.0069,0.0022,-0.0002,0.0021,0.004,0.0014,0.0057,-0.0017,0.006999999999999999,-0.0009,0.0039,0.0028,0.0012,0.0011,0.0011,-0.0003,0.0031,0.0018,-0.0028,-0.001,-0.0009
30060_irnt,0.0058735,0.0026223,0.0021506,0.00079172,0.0022149,0.0038065,0.0022992,0.0035951,0.0016451,0.00098842,0.0022628,0.0010259,-6.793399999999999e-05,0.0012518,0.0017965999999999998,0.0028669,0.0038848,0.00042107,0.0026070999999999998,0.00053011,-3.2379e-05,0.0019417999999999998
2040,0.0065,0.0065,0.0069,0.0057,0.0038,0.0048,0.005,0.0047,0.0038,0.0039,0.0033,0.0036,0.0019,0.0033,0.0025,0.0036,0.0019,0.0025,0.0014,0.0016,0.0008,0.0008
20421,0.0045,0.0061,0.0068,0.0032,0.0051,0.0058,0.0074,0.0019,0.0028,0.0052,0.0038,0.0022,0.0024,0.0042,0.0037,-0.0001,0.0014,0.0026,0.0027,0.0033,0.0022,0.0012
1110,0.0041,0.0041,0.0033,0.0023,0.0028,0.0025,0.0021,0.003,0.0018,0.0021,0.0019,0.0013,0.0018,0.0018,0.0012,0.0018,0.0017,0.0008,0.0011,0.0011,0.0007,0.0005
5109_irnt,0.0019,0.0043,0.0036,0.0049,0.0011,0.0025,0.0023,0.0007,0.006,0.0005,0.0043,0.0019,-0.0014,0.0016,0.0005,0.0044,0.0034,-0.001,-0.0005,0.0028,0.0016,0.0007
6032_irnt,0.0059,0.0051,0.0038,0.002,-0.0002,0.0037,0.0021,0.0008,0.0009,0.0001,0.003,0.0018,0.0013,0.0013,0.0036,0.0002,0.0028,0.0032,0.0037,0.0012,-0.0007,-0.0003
5161_irnt,0.0059047,0.0033829999999999997,0.00067843,0.0028257,0.0021781999999999995,0.0006699,0.0030396999999999998,0.00033593,0.0025176,0.0016105999999999998,0.0030239,0.0037580999999999995,0.0019018000000000001,0.0033277999999999997,0.0017545000000000002,0.0030345,1.1534000000000002e-05,0.0013794,0.0010394,-6.5011e-05,-0.0001608,0.00056941
2734,0.0042,0.0041,0.0038,0.0027,0.0022,0.0025,0.0018,0.002,0.0025,0.0018,0.0017,0.0019,0.0015,0.0017,0.0006,0.0021,0.0022,0.0016,0.0008,0.0006,0.0003,0.0009
4195_irnt,0.0028313,0.0037601999999999996,0.0015677999999999998,0.0024499,0.0022272,0.00594,0.0026396,0.0027913,0.0021703000000000004,0.0022600000000000003,0.0015794000000000001,0.0024862,0.00021289,0.00097901,0.00105,0.0016954000000000001,0.0010710000000000001,0.0010806,0.0010747999999999999,0.0018464000000000002,8.9059e-06,0.00047564
20403,0.0049307,0.0039176,0.0026417,0.0020607,0.0030863,0.00073171,0.0015622,0.0019325,0.0019361,0.0016840999999999998,0.0039201,0.0017117,0.00067827,0.002379,0.0017852999999999999,0.0012161,0.0029545,0.00083442,0.00081366,0.0015172,-9.085e-05,0.00068366
4581,0.0045,0.004,0.0037,0.0016,0.003,0.0029,0.0014,0.0014,0.0022,0.0013,0.0016,0.002,0.0031,0.0014,0.0005,0.0022,0.0016,0.0013,0.0014,0.0016,0.0004,0.0002
6149_6,0.0079,0.0086,0.006,0.0054,0.0074,0.0055,0.0036,0.0054,0.0048,0.0049,0.0047,0.0035,0.0023,0.0029,0.0031,0.0038,0.0045,0.0023,0.0027,0.0032,0.0011,0.0012
20018,0.0032,0.004,0.0043,0.002,0.0021,0.0029,0.0039,0.002,0.0015,0.002,0.0022,0.0023,0.0006,0.0013,0.0012,0.001,0.0014,0.0007,0.0015,0.0004,0.0002,0.0007
6154_100,0.0067,0.006,0.0047,0.0035,0.0035,0.0054,0.0033,0.0032,0.0032,0.0031,0.0029,0.0038,0.0028,0.0024,0.002,0.0029,0.0026,0.0014,0.0015,0.0017,0.0008,0.0008
6153_1,0.0097,0.0133,0.0046,0.0036,0.0054,0.009000000000000001,0.0058,0.0062,0.0035,0.002,0.009000000000000001,0.0069,0.0017,0.0006,0.0022,0.0033,0.0056,0.0006,0.0073,0.0043,0.0006,0.0019
6159_100,0.0063,0.0064,0.0044,0.0033,0.0043,0.0049,0.0041,0.003,0.0028,0.0028,0.0027,0.0035,0.0027,0.0022,0.0024,0.0041,0.0025,0.0023,0.0018,0.0019,0.0007,0.0004
1239,0.0037,0.0042,0.0027,0.0028,0.003,0.0021,0.0023,0.0021,0.0025,0.002,0.0022,0.0018,0.0009,0.0019,0.0012,0.0016,0.001,0.0009,0.0008,0.001,0.0003,0.0007
20454,-0.0041,0.0045,0.0093,0.0067,0.0018,0.0004,0.0034,0.0026,0.0028,0.0022,0.0006,0.0044,0.0018,-0.0004,-0.0035,0.0014,-0.0018,0.0016,0.0025,0.001,-0.004,0.0041
20418,0.0014954,0.0050164,-0.0011455999999999999,-2.9544e-05,0.0034969999999999997,0.0033183999999999996,0.0021308000000000004,0.004932199999999999,0.0025710999999999998,0.0033811,6.3448e-05,0.0016782,0.0010547,0.0043886,0.001515,0.0049738,0.00215,0.00031738,0.0013831,0.0016547,0.000528,-0.00054723
399_irnt,0.0036,0.0043,0.0029,0.0021,0.0026,0.0026,0.002,0.0023,0.0017,0.0018,0.0019,0.0018,0.002,0.0009,0.0013,0.0024,0.0013,0.001,0.0012,0.0009,0.0005,0.0009
4559,0.004,0.0048,0.0038,0.0031,0.0022,0.0022,0.0017,0.0011,0.0018,0.0009,0.0015,0.0013,0.0015,0.0013,0.0015,0.0027,0.0017,0.0019,0.0009,0.0014,0.0004,0.0005
20116_1,0.006,0.0069,0.0061,0.0036,0.0029,0.0045,0.0039,0.003,0.0038,0.0035,0.0043,0.003,0.0028,0.0016,0.002,0.003,0.0013,0.0021,0.0013,0.002,0.0006,0.0004
20498,0.0028,0.004,0.0008,0.003,0.0037,0.0026,0.0031,0.0018,0.0014,0.0019,0.0019,0.0013,0.0022,0.0018,0.0014,0.001,0.0015,0.0012,0.0009,0.0006,0.0005,0.0005
2030,0.0058,0.0074,0.0042,0.0036,0.0046,0.0038,0.0036,0.0041,0.0038,0.0035,0.0046,0.0029,0.0024,0.0021,0.0024,0.0031,0.0022,0.0024,0.0011,0.0013,0.0011,0.0012
4717,0.0124,0.0082,0.0028,0.0075,0.0078,0.0109,0.0083,0.0046,0.0054,0.0051,0.0072,0.0048,0.0037,0.002,0.0015,0.0063,0.003,0.0048,0.0026,0.0026,0.0013,0.0011
22127,0.0103,0.0088,0.0118,0.0032,0.0134,0.0067,0.0002,0.0033,0.0081,0.0045,0.004,0.0034,0.0028,0.0036,0.0056,0.0045,0.009000000000000001,-0.0005,0.0003,0.005,0.0015,-0.0006
2188,0.0055,0.0068,0.0045,0.004,0.005,0.005,0.0033,0.0032,0.0031,0.0028,0.0032,0.0029,0.0025,0.0024,0.0022,0.0023,0.0017,0.0018,0.002,0.0022,0.0005,0.0015
2257,0.0052,0.0054,0.0041,0.0036,0.004,0.0045,0.0042,0.0026,0.0029,0.0034,0.004,0.0028,0.0022,0.0023,0.0021,0.0029,0.002,0.0019,0.0014,0.0019,0.0009,0.0016
4631,0.0071,0.006,0.0063,0.0018,0.0042,0.0037,0.004,0.0024,0.0003,0.001,0.003,0.0041,0.0027,0.0025,0.0015,0.0029,0.0035,0.0036,0.0007,0.0019,0.0003,0.0027
20517,0.0034,0.0045,0.0028,0.002,0.003,0.0019,0.0034,0.0012,0.0017,0.0006,0.0022,0.0011,0.0016,0.0019,0.0015,0.0019,0.0012,0.0009,0.0007,0.0005,0.0015,0.0002
2395_3,0.0063015,0.0081877,0.0047577,0.0019787,0.0043992,0.0061608,0.0061062,2.8791e-05,0.0022570999999999997,0.00157,0.0022581,0.0031534,0.0010121000000000002,0.00037734,0.0015550999999999998,0.0018863,0.0044207000000000005,0.0016792000000000003,3.2106e-05,0.0051573,0.00081118,0.00079896
3799,0.0033,0.0069,0.0047,0.0038,0.0028,0.0075,0.0041,0.0035,0.0024,0.0027,0.0032,0.0007,0.002,0.0041,0.0012,0.0018,0.0014,0.0021,-0.0003,0.0029,0.0001,0.0005
20544_11,0.008,0.0065,0.0041,0.0043,0.0039,0.0071,0.0064,0.0034,0.0034,0.0043,0.0015,0.0039,0.002,0.0036,0.0023,0.0042,0.0019,0.0022,0.0016,0.0028,0.0004,0.0017
6152_8,0.0092,0.0105,0.0079,0.0033,0.0101,0.0084,0.0042,0.0033,0.0067,0.0074,0.0063,0.0046,0.0036,0.0025,0.0034,0.0042,0.0093,0.0016,0.0038,0.0021,0.0011,0.0012
4825,0.0046,0.0054,0.003,0.0016,0.0024,0.0025,0.0006,0.0017,0.0012,0.0021,0.0013,0.0009,0.0021,0.0015,0.001,0.0022,0.0016,0.0015,0.0013,0.0012,-0.0002,0.0005
20455_irnt,0.004,0.0049,0.0088,-0.0039,0.0026,0.0057,0.0003,0.0017,0.0024,0.0035,0.0031,0.0033,-0.0007,0.0002,-0.0035,-0.0011,0.0021,0.0003,-0.0007,-0.0004,-0.0006,0.0035
1120,0.0036,0.0039,0.0034,0.0023,0.0028,0.0024,0.0023,0.0021,0.0013,0.002,0.0019,0.0007,0.0009,0.0011,0.0006,0.0013,0.0011,0.0012,0.0008,0.0012,0.0005,0.0004
4728,0.0069,0.0088,0.0055,0.0037,0.0066,0.0032,0.0039,0.0051,0.0027,0.0037,0.0035,0.0029,0.0003,0.0026,0.0036,0.0037,0.0027,0.0015,0.0025,0.0003,0.0011,0.001
20535,0.0094,0.0047,0.0058,0.0069,0.0067,0.0028,-0.0017,0.0035,0.0064,0.0026,0.0021,0.002,0.0013,0.0029,0.0019,0.0096,0.0036,0.0014,0.0004,0.001,0.003,0.0013
5111_irnt,0.0017,0.0033,0.0022,0.0032,0.0025,0.0042,0.003,0.0016,0.0017,0.0014,0.0005,0.0021,0.0013,0.0003,0.001,0.003,0.0017,0.0003,0.0013,0.0015,0.0003,0.0004
2814,0.0052,0.0057,0.0049,0.0029,0.0029,0.0032,0.0033,0.0035,0.0033,0.0026,0.0035,0.0027,0.0012,0.0027,0.0013,0.0028,0.0024,0.0012,0.0015,0.0015,0.0005,0.0015
6164_2,0.0048,0.0061,0.0038,0.0031,0.0036,0.0037,0.004,0.0031,0.0028,0.0021,0.0035,0.0019,0.002,0.0027,0.002,0.0016,0.0026,0.0017,0.0012,0.0015,0.0006,0.0005
20511,0.0029116999999999997,0.0037324,0.003315,0.0016836,0.002114,0.0026929000000000002,0.0020993,0.0022478000000000003,0.0015480000000000001,0.0014629,0.0015942,0.00084072,0.0011138,0.0021488,0.0010226,0.002137,0.0012913,-2.8516e-05,0.0019324000000000001,0.00024145,0.00061316,0.00053228
6144_4,0.0055,0.006999999999999999,0.0064,0.0044,0.0046,0.0045,0.0041,0.0044,0.0046,0.004,0.0029,0.0038,0.0023,0.0029,0.0026,0.0035,0.003,0.0024,0.0017,0.0013,0.0011,0.002
4653,0.0078,0.0091,0.0089,0.0034,0.0021,0.006999999999999999,0.0032,0.0063,0.0013,0.0029,0.0015,0.0053,0.0037,0.0026,0.0018,0.0046,0.0013,0.0009,0.0012,0.0033,0.0006,0.0003
20450,0.006271,0.0066562,0.0034063,0.0043933,0.006298399999999999,0.006010199999999999,0.001181,0.0012085000000000002,0.0026885999999999998,0.0024248,0.0024186,0.0026982,-0.0014054,3.0063e-06,0.0024346,0.0011095999999999999,0.0052896,-0.00050509,0.00097785,0.0016725000000000002,0.0016947,0.00061383
2395_2,0.0058,0.0092,0.0075,0.0023,0.0033,0.0054,0.0016,0.0015,0.0031,0.0016,0.0022,0.0032,0.0022,0.0023,0.0041,0.0034,0.0052,0.001,0.0001,0.0042,0.0013,0.0002
6157_3,0.0053198,0.0079022,0.0054525,0.0028169000000000002,0.0039961,0.007302600000000001,0.0035241,0.0011557,0.002143,0.0022031999999999998,0.0040653,0.001094,0.0031931999999999998,0.0007603,0.0012766,0.0032085,0.0018131,-2.0455e-05,9.1473e-05,0.00076895,0.00046372,-0.00044794
1220,0.0032,0.0039,0.0025,0.0019,0.0023,0.0024,0.0016,0.0017,0.0023,0.0016,0.0016,0.0022,0.0011,0.0016,0.0011,0.0013,0.0015,0.0009,0.0009,0.0007,0.0005,0.0006
20497,0.0037,0.0034,0.001,0.0028,0.0031,0.0024,0.0019,0.001,0.002,0.0026,0.0009,0.001,0.0025,0.0011,0.0013,0.0008,0.0013,0.0018,0.0008,0.0007,0.0004,0.0009
20487,0.002,0.0032,0.0036,0.002,0.0033,0.002,0.0029,0.0018,0.0008,0.0025,0.0015,0.0013,0.0012,0.0011,0.0007,0.0017,0.0013,0.0013,0.0009,0.0008,0.0003,0.0005
20547_1,0.0083,0.0065,0.0034,0.0044,0.0047,0.0066,0.004,0.0025,0.0039,0.0036,0.0034,0.0022,0.0026,0.0023,0.0039,0.0029,0.0013,0.0029,0.0017,0.0008,-0.0006,0.0006
1588,0.0033,0.0038,0.0028,0.002,0.002,0.002,0.0017,0.0029,0.0022,0.002,0.0014,0.0013,0.0014,0.0009,0.001,0.0017,0.0008,0.0007,0.0005,0.001,0.0007,0.0006
30220_irnt,0.0061,0.0015,0.0043,0.0011,0.0013,0.0023,0.0022,0.0026,0.0005,0.0025,0.0015,0.0016,0.0001,0.0006,0.0026,0.0007,0.0012,0.0001,0.0031,0.001,0.0004,0.0008
6144_5,0.0051,0.0064,0.0054,0.004,0.0038,0.0044,0.004,0.0047,0.0034,0.0033,0.0032,0.0032,0.0024,0.0024,0.0024,0.0028,0.0022,0.002,0.0017,0.0012,0.001,0.002
5107_irnt,0.0041,0.0038,0.0017,0.0002,0.0018,0.0037,0.0028,0.0013,0.0013,0.0021,0.0027,0.0017,0.0016,0.0018,0.0026,0.0012,0.0014,0.0007,0.0008,0.0014,0.0003,-0.0003
6160_3,0.0076,0.0081,0.008,0.0045,0.0058,0.0059,0.0046,0.005,0.0031,0.0039,0.0034,0.0033,0.0028,0.0027,0.002,0.0045,0.003,0.0022,0.0011,0.0028,0.0003,0.0019
2664_3,0.0039,0.0066,0.0026,0.0047,0.0045,0.0051,0.002,0.0054,0.0043,0.0001,0.0027,0.003,0.003,0.0012,0.0023,0.003,0.0011,0.0023,0.0012,0.0011,0.0006,0.0002
20539,0.0044,0.0023,0.0019,0.0029,-0.0005,0.0034,0.004,0.0013,0.0022,0.001,0.0005,0.0017,0.0015,-0.0006,0.0021,0.0033,0.0025,0.0005,0.0014,0.0026,-0.0002,0.002
20428,0.004,0.0067,0.0007,0.0008,0.0076,0.0035,0.0033,0.0016,0.0072,0.001,0.0046,0.0011,0.0029,-0.0006,0.0011,0.0015,0.0012,0.0048,0.0013,0.0004,0.0021,0.0055
2492,0.005,0.0057,0.0041,0.0024,0.0042,0.0037,0.0031,0.0021,0.002,0.0026,0.0027,0.0029,0.0025,0.0019,0.0018,0.0026,0.0023,0.002,0.0015,0.0017,0.0004,0.0007
20505,0.0021,0.0043,0.0025,0.0013,0.0036,0.0021,0.0031,0.002,0.0015,0.0017,0.0008,0.0012,0.002,0.0002,0.0016,0.0018,0.0012,0.0007,0.0005,-0.0006,0.0009,0.0004
20002_1473,0.0091,0.0111,0.0042,0.003,0.0045,0.0062,0.0035,0.0053,0.0025,0.001,0.0063,0.005,0.0014,0.0015,0.0017,0.0029,0.0047,0.0016,0.0102,0.0025,0.0004,0.0009
20409,0.0005,0.0035,0.003,0.0029,0.0016,0.0016,0.0026,0.0011,0.0023,0.0024,0.0026,0.0003,0.0014,0.003,0.0012,-0.0008,0.0016,0.0003,0.0023,-0.0007,0.0005,0.0004
6138_3,0.0044,0.0071,0.0039,0.003,0.0039,0.0039,0.0036,0.0023,0.0013,0.0021,0.002,0.0027,0.0022,0.002,0.001,0.0022,0.0021,0.0019,0.0011,0.001,0.0007,0.0009
22502,0.0024323,0.0044573,0.006256899999999999,0.007631399999999999,0.0069922,0.0061608999999999995,0.0031805,0.0063107,0.008211,0.0019843,0.006637100000000001,0.0033187,9.1767e-05,0.0021511,0.00095049,0.0037260999999999996,0.0042071,0.0038786000000000003,0.00094076,0.0026805999999999996,0.0014393,0.0026872
2010,0.0054,0.0057,0.0054,0.0032,0.0048,0.0034,0.0043,0.0048,0.0043,0.0038,0.0041,0.0035,0.0019,0.0016,0.0022,0.0026,0.0024,0.0023,0.0011,0.0016,0.0002,0.0008
2966_irnt,0.004795300000000001,0.0023073,0.0026739,0.00066745,0.0043254,0.0022393,0.0016524999999999999,0.0015080999999999998,0.0013800999999999998,0.0029522,0.00099153,0.0022261,2.1695e-05,0.00064038,0.0019531,0.0016612000000000003,0.00073149,0.00045173,0.0018386,0.0019186,-8.4646e-05,-0.00031519
5984_irnt,0.0046849,0.0040918,0.0034641999999999997,0.0012835999999999998,0.00075494,0.0021152,0.0021005,0.0009888,0.00028003,3.4854e-05,0.002223,0.0016294,0.0010577,0.0004908,0.0026466999999999997,4.4158999999999995e-05,0.0024316,0.0032239000000000005,0.0029355,0.0008939999999999999,-0.00086757,0.00034441
1787,0.006,0.0053,0.0027,0.0032,0.0034,0.0042,0.004,0.0022,0.0038,0.0042,0.0042,0.0031,0.0015,0.0026,0.0015,0.0028,0.0015,0.0016,0.0013,0.0016,0.0007,0.0002
20002_1226,0.0225,0.0143,0.0122,0.0067,0.0054,0.0135,0.0035,0.0116,0.0128,0.005,0.0063,0.0119,0.0029,0.0044,0.0034,0.006,0.0049,0.0022,0.0067,0.0021,0.001,0.0026
20515,0.0028183,0.0038921999999999997,0.0018518,0.0022581,0.0029757,0.0026131,0.0025128,0.00026254,0.0012452,0.0011151,0.00075532,0.00094101,0.0025329999999999997,0.00097652,0.0011539000000000002,0.0026509,0.0011155,0.0018184000000000002,0.00022488,6.0959e-05,0.00072884,-7.8294e-06
5001,0.006,0.0135,0.0081,0.0048,0.0039,0.0098,0.0106,0.0037,0.0042,0.0052,0.0025,0.0011,0.0017,0.0045,0.0004,0.0047,-0.0003,0.0005,0.0011,0.0002,0.0004,-0.0014
1090,0.003,0.0036,0.0024,0.0013,0.0015,0.0025,0.0021,0.0019,0.0023,0.0016,0.0018,0.0013,0.0011,0.0014,0.0012,0.0015,0.0009,0.0009,0.0009,0.0007,0.0003,0.0002
2926,0.0041,0.0034,0.0036,0.0011,0.003,0.0036,0.0012,0.0021,0.0006,0.0014,0.0011,0.0007,0.0013,0.0008,0.0015,0.001,0.0004,0.0006,0.0004,0.0002,-0.0003,0.0012
20509,0.0036,0.0029,0.0013,0.0025,0.0029,0.0027,0.0025,0.0021,0.0017,0.0007,0.0012,0.0015,0.0015,0.0015,0.0005,0.0012,0.0012,0.0006,0.0003,0.0002,0.0004,0.0003
5108_irnt,0.003,0.004,0.0023,0.0043,0.0018,0.0019,0.0019,0.0011,0.0014,0.0008,0.0017,0.0016,0.0015,0.0004,0.0004,0.0024,0.0016,0.0007,-0.0007,0.0003,0.0001,-0.0002
2443,0.0114,0.0126,0.0114,0.0062,0.0074,0.0122,0.0103,0.0059,0.0062,0.0115,0.0075,0.0079,0.0038,0.0037,0.0051,0.0067,0.0053,0.0035,0.0041,0.0045,0.0008,0.0026
20448,0.0037662,0.0072166,0.0030594999999999997,0.001924,0.0017084,0.0058574,0.0021396,0.001831,0.0050875,0.0021915,0.0036857,0.0022063000000000004,0.0038366,-0.00040719,0.0015700999999999998,0.0013852,0.002792,0.0031796999999999997,0.0016998,-9.693e-05,-0.00067722,0.001975
6138_6,0.005,0.0056,0.0048,0.0032,0.0039,0.0031,0.0031,0.0025,0.0022,0.0028,0.0026,0.0036,0.002,0.0027,0.0018,0.0023,0.0009,0.0018,0.0015,0.0018,0.0009,0.0011
XIII_MUSCULOSKELET,0.0058,0.0072,0.0045,0.0032,0.0041,0.0041,0.0036,0.0042,0.0022,0.0032,0.0032,0.0025,0.0025,0.0022,0.0017,0.0032,0.0021,0.0021,0.002,0.0019,0.0006,0.0011
2070,0.0025,0.0028,0.0026,0.0013,0.0024,0.0017,0.0019,0.002,0.0015,0.0017,0.0016,0.0013,0.0013,0.0014,0.0009,0.0013,0.002,0.0015,0.0006,0.0009,0.0001,0.0002
1548,0.0028715999999999998,0.0034669,0.0025069000000000003,0.0022196,0.0019145,0.0017012000000000002,0.0012717,0.0015821,0.0016097000000000001,0.0014095000000000002,0.0018055,0.0017701000000000001,0.0011614000000000001,0.0012188,0.0010414999999999999,0.0016748000000000002,0.00075032,0.0010689,0.0012573,0.00073844,9.4951e-05,0.00086957
2110,0.0024,0.0029,0.0032,0.002,0.0023,0.0017,0.002,0.0012,0.0019,0.0016,0.0018,0.0016,0.0012,0.0011,0.0009,0.0017,0.0012,0.0011,0.0007,0.0007,0.0003,0.0005
3571,0.0068949,0.0037747,0.0034598,0.003012,0.004928,0.005146899999999999,0.0022735,0.002549,0.0025779,0.0037491,0.00322,0.0012829,0.0031834,0.0017664000000000002,0.0013191,0.00012304,0.0014305,0.0031921999999999996,-0.00063547,0.00046616,-9.3574e-05,0.0005884
20485,0.0021,0.003,0.0017,0.0034,0.0024,0.0021,0.0023,0.0009,0.0013,0.0009,0.0014,0.0014,0.0013,0.0009,0.0012,0.0019,-0.0002,0.0018,0.0005,0.0014,0.0009,0.0011
2050,0.0023,0.0026,0.0027,0.0016,0.0026,0.0021,0.0018,0.0022,0.0015,0.0013,0.0017,0.0017,0.0012,0.0012,0.0007,0.0011,0.0011,0.0017,0.0005,0.0009,0.0002,0.0001
5087_irnt,0.0019,0.0028,0.0029,0.0025,-0.0004,0.002,0.0016,0.0019,0.0015,0.0024,0.0019,0.0021,0.0026,0.0003,0.001,0.0002,0.0017,0.001,-0.0005,0.001,0.0002,0.002
20510,0.0029,0.0026,0.0024,0.0018,0.0025,0.0014,0.0018,0.001,0.0012,0.002,0.0008,0.0022,0.0016,0.0016,0.001,0.001,0.0016,0.001,0.0012,0.0006,0.0002,0.0002
874_irnt,0.0032,0.003,0.0027,0.002,0.002,0.0021,0.0025,0.002,0.0011,0.0014,0.0015,0.001,0.001,0.0012,0.0006,0.0012,0.0012,0.0008,0.0008,0.0002,0.0004,0.0007
30520_irnt,0.0031,0.003,0.0021,0.0014,0.0021,0.0021,0.0019,0.0014,0.0012,0.0013,0.0012,0.0017,0.0015,0.0013,0.0011,0.0013,0.0014,0.0009,0.0007,0.0013,0.0001,0.0008
1060,0.0031,0.0038,0.0022,0.0019,0.0022,0.0024,0.0019,0.0016,0.0015,0.0008,0.0018,0.0014,0.0007,0.0015,0.0004,0.001,0.0013,0.0007,0.0004,0.0005,0.0002,0.0008
5375_irnt,0.0019825,0.0045812,0.00034164,0.0048455,0.0029429,-0.00019081,0.0030792,-0.0016328,-0.0012937,0.0024092,0.0010378,0.0017344,0.0047557,0.0026119,0.00010718,0.0018840999999999997,-0.00040001,4.6935e-05,0.0007492999999999999,0.00038045,0.00037335,0.0011023
6154_3,0.006,0.0059,0.0046,0.0028,0.0028,0.0051,0.0026,0.0029,0.003,0.0031,0.0026,0.0031,0.0029,0.0028,0.0021,0.0029,0.003,0.0021,0.0017,0.0016,0.0005,0.0006
20536_1,0.011000000000000001,0.0074,0.0026,0.0068,-0.0004,0.0049,0.0024,0.0028,0.0019,0.0076,0.0022,-0.0003,-0.0003,0.0006,0.0066,0.0086,0.0035,-0.0004,0.0045,0.0034,-0.0017,0.0013
4979,0.008,0.0049,0.0014,0.0019,0.0058,0.002,0.0029,0.0021,-0.0009,0.0031,0.0031,0.0014,0.0021,0.0016,0.0016,0.0023,0.0023,0.0009,0.0008,0.0003,0.0011,0.0014
6159_7,0.0057,0.0051,0.0046,0.0042,0.0034,0.0049,0.0044,0.0032,0.0023,0.0028,0.0025,0.0031,0.0015,0.0019,0.0025,0.0031,0.0029,0.0015,0.0014,0.0022,0.0008,0.0003
20520,0.0018,0.0027,0.0017,0.0023,0.0024,0.0024,0.0015,0.0014,0.0016,0.0016,0.0017,0.001,0.0016,0.0012,0.0008,0.0015,0.0015,0.0013,0.0004,-0.0005,0.0008,0.0003
5160_irnt,0.0019,0.0022,0.0019,-0.0008,0.0025,0.0021,0.0026,0.0015,0.0025,0.0011,0.0026,0.0017,0.0016,0.0024,0.0008,0.0014,0.0025,0.0008,-0.0002,0.0008,0.0002,-0.0013
20549_3,0.005,0.0104,0.0044,0.0036,0.0097,0.0051,0.0072,0.0029,0.0045,0.0045,0.0025,0.0029,0.0024,0.0006,0.0025,0.0005,0.0005,0.001,0.0007,0.0038,0.0012,0.0019
20512,0.0026,0.0041,0.0017,0.0018,0.0026,0.0025,0.0025,0.0013,0.0009,0.0017,0.0012,0.0007,0.0017,0.0006,0.0005,0.0011,0.001,0.0008,0.0006,-0.0005,0.001,0.0002
6159_1,0.0077,0.0046,0.0047,0.0016,0.0046,0.004,0.0033,0.0027,0.0034,0.0047,0.003,0.0042,0.002,0.002,0.0021,0.0032,0.0031,0.0023,0.0018,0.0014,0.0006,0.0006
4196_irnt,0.0024,0.0029,0.0019,0.0015,0.0015,0.0032,0.001,0.0024,0.0015,0.0019,0.0015,0.0013,0.0013,0.0006,0.0012,0.0015,0.0002,0.0009,0.0008,0.0009,0.0007,0.0008
20408,0.0018510000000000002,0.0010175000000000002,0.0025338,0.0031369,0.0012985999999999998,0.00096262,0.0012108,0.00095958,0.0025694000000000003,0.0026123,0.0027356,0.0021798,0.00062475,0.0019187999999999998,-0.00062024,-0.00015927,0.0026144000000000002,0.0011886,-8.5595e-05,0.00071984,0.00029327,0.00024814
5103_irnt,0.00099921,0.0027814,0.0016069000000000003,0.0011629000000000001,0.0019114000000000002,0.0037689999999999998,0.0021648,0.00096519,0.00015646,0.0031069,0.0016140999999999998,0.0017535999999999997,0.0019399999999999999,-4.8321999999999996e-05,0.0023742,0.0011685,0.00052225,-0.00033761,0.00097104,0.0012515999999999998,0.0006801,0.0014602999999999999
2247_0,0.0061,0.0048,0.0031,0.0028,0.0044,0.0048,0.0028,0.0024,0.0029,0.0031,0.0036,0.002,0.0014,0.002,0.0018,0.0027,0.0007,0.0013,0.0018,0.002,0.0003,0.0012
20496,0.004616899999999999,0.0015755,0.0013402000000000002,0.0018559000000000002,0.0027328000000000005,0.00059008,0.0032175,0.0033527,0.0020837,0.0024286999999999998,-7.8446e-05,0.0016186,0.0018590999999999998,-0.00015758,-0.00011524,-0.00035934,0.0015415,0.00053382,-8.3215e-05,0.0020137999999999996,-7.065600000000001e-05,9.1969e-05
20433_irnt,0.0043,0.0012,0.0032,0.0013,0.0013,0.002,0.0025,0.0005,0.0014,0.0009,0.0019,0.0016,-0.0003,0.0003,0.0003,0.0036,0.0012,0.0007,0.0012,0.0024,0.0013,0.0003
864,0.0031,0.003,0.0024,0.0018,0.0018,0.0022,0.0023,0.0015,0.0012,0.0013,0.0012,0.0013,0.0008,0.0019,0.0006,0.0011,0.001,0.0006,0.0009,0.0007,0.0003,0.0005
2664_5,0.0041657,0.0043495,0.0025734,0.0033090000000000003,0.004386800000000001,0.0038323999999999997,0.0019442999999999997,0.0031853000000000003,0.0030681,7.6055e-05,0.003399,0.003023,0.0011298,0.0013261,0.00055282,0.0021917,0.0011476,0.0010595999999999997,0.00095305,0.00082061,3.5093000000000004e-05,0.0004604
20449,0.0091382,0.0032879,0.007651899999999999,0.0004516,0.0036488,0.0039607,0.001139,0.0010774,4.8466000000000007e-05,0.0033717,0.0059214,0.0029951,0.006853699999999999,0.0030266,-0.0010810000000000001,0.0032408999999999997,0.00288,0.00094189,0.0023964000000000004,-0.0011305,0.00083327,-0.00090408
2724,0.0054866,0.0060944,0.0024977,0.002397,0.0018451000000000001,0.0019617999999999997,0.0036201000000000002,0.0016028,0.0011064999999999998,0.00285,0.0037921,0.0029531999999999996,0.0016303000000000001,0.00092493,0.0028328000000000003,0.003743,0.0030894000000000004,0.00043716,0.0038835999999999996,0.0019212,6.531399999999999e-05,0.002676
6149_100,0.0051,0.0041,0.0039,0.003,0.0032,0.0027,0.0024,0.002,0.0019,0.0021,0.0023,0.0024,0.0006,0.0016,0.0011,0.0015,0.0022,0.0014,0.0017,0.0013,0.0007,0.0007
6159_4,0.0037,0.0035,0.0038,0.0025,0.0042,0.0034,0.0039,0.0034,0.0024,0.004,0.0024,0.0026,0.0019,0.0014,0.0017,0.0029,0.0015,0.0017,0.0015,0.0019,0.0006,0.0005
6164_4,0.0038,0.0046,0.0029,0.0026,0.0035,0.003,0.003,0.0027,0.0021,0.0024,0.0024,0.0015,0.0018,0.0013,0.0008,0.0028,0.001,0.0015,0.0006,0.001,0.0004,0.0008
1747_3,0.0014,0.0017,0.0011,0.0015,0.0016,0.0056,0.0011,0.0009,0.0022,-0.0002,0.0027,0.0041,0.0017,0.001,0.0048,0.0034,0.0033,-0.0005,-0.0002,0.0025,0.0003,0.0003
20531,0.0051,0.008,0.0065,0.0061,0.0039,0.0032,0.0058,0.0038,0.0016,0.0012,0.0012,0.0049,0.0023,0.0021,0.0012,0.0031,-0.0003,0.0044,0.0003,0.0028,-0.0001,0.0016
3005,0.0023,0.0045,0.0022,-0.003,-0.0018,-0.0014,-0.0005,0.004,0.0019,0.0036,0.0054,0.0079,0.0038,0.0046,-0.0006,0.0003,-0.0001,0.0057,0.0003,0.006,0.0026,0.0012
20426,0.0076985,-0.00026784,-0.0011577,0.0015299,0.0027367,0.0051833,0.0024127,0.004979399999999999,0.00071371,0.0040968,0.002933,0.0005526,0.0018394000000000001,0.0011727999999999999,0.0015562000000000002,0.0019283000000000002,0.0061633,-0.00050769,-5.1487e-05,-0.0010829000000000001,0.001364,0.0013639000000000001
20111_8,0.0051,0.006,0.0034,0.002,0.0042,0.0048,0.0036,0.0027,0.0015,0.0031,0.0034,0.0034,0.0011,0.001,0.0017,0.0028,0.0032,0.0011,0.0019,0.0022,0.0005,0.0006
2020,0.0046,0.0065,0.0036,0.0036,0.0048,0.0037,0.0038,0.0031,0.0039,0.0024,0.0033,0.0027,0.0018,0.0017,0.0021,0.0022,0.0018,0.0021,0.0014,0.0015,0.0004,0.0004
110001,0.0038,0.0049,0.0032,0.0039,0.0038,0.0022,0.0013,0.0024,0.0021,0.0023,0.0026,0.0015,0.0022,0.0016,0.0023,0.0008,0.0019,0.0019,0.0015,0.0013,0.0005,0.0003
680_3,0.0098,0.0124,0.0089,0.0082,0.0074,0.0063,0.0072,0.006,0.0058,0.0047,0.0071,0.0043,0.0027,0.0036,0.0047,0.0061,0.0033,0.005,0.0023,0.0034,0.0007,0.0009
20544_15,0.0041,0.006,0.0075,0.0024,0.0028,0.0016,0.0058,0.0054,0.0044,0.0048,0.0008,0.0017,0.0038,0.0031,0.0028,0.0042,0.0013,0.0032,0.0004,0.0006,0.0001,0.0005
6164_1,0.0043,0.0037,0.0042,0.003,0.0017,0.003,0.0029,0.0021,0.0027,0.003,0.0028,0.0027,0.0018,0.0019,0.0018,0.0021,0.002,0.0015,0.0014,0.0015,0.0004,0.0004
1538_0,0.0043,0.0045,0.0034,0.0022,0.0024,0.0033,0.0022,0.0021,0.0021,0.0017,0.0019,0.002,0.0016,0.0014,0.0016,0.0027,0.0016,0.0018,0.002,0.0012,0.0002,0.0015
20111_100,0.0037,0.0051,0.0026,0.0021,0.0027,0.0043,0.0033,0.0019,0.0016,0.0018,0.0025,0.0031,0.0009,0.0011,0.0016,0.0018,0.0022,0.0015,0.0016,0.0015,0.0009,0.0004
20550_1,0.0055,0.006999999999999999,0.0046,0.0015,0.0068,0.0042,0.0062,0.0034,0.0049,0.0033,0.005,0.002,0.0037,-0.0012,0.005,0.0007,0.0008,0.0005,0.0007,0.001,0.002,0.0003
20002_1220,0.0117,0.0118,0.0108,0.0052,0.0071,0.0102,0.0095,0.0055,0.0053,0.0112,0.0062,0.0074,0.0034,0.0039,0.004,0.0061,0.0056,0.003,0.0048,0.0042,0.0007,0.0021
20533,0.0067,0.003,0.0042,0.0044,0.0002,0.0005,0.0038,-0.001,0.0029,-0.0008,0.0023,0.0014,0.0063,0.0006,0.0045,0.0028,0.0055,-0.0012,0.0008,0.0029,0.0026,0.0026
6164_5,0.0039938000000000005,0.0043729,0.0031436,0.0022105000000000002,0.0034396,0.0019452999999999999,0.0027804,0.001655,0.0027771999999999996,0.002292,0.0022173,0.0021232,0.0018292999999999998,0.00081315,0.00018155,0.0020014,0.0005731,0.0016381,0.00073221,0.0011328,7.016100000000001e-05,0.00066674
20435,0.0066,0.0022,0.0035,0.0038,0.0023,0.003,0.0037,0.002,0.0045,0.0007,0.003,0.002,0.0003,-0.0024,0.0013,0.004,0.0058,0.0056,0.0024,0.0008,0.0021,-0.0005
6160_1,0.0042,0.005,0.0034,0.0025,0.0026,0.0028,0.0028,0.0022,0.0017,0.0019,0.002,0.002,0.0011,0.0025,0.002,0.0016,0.0013,0.0021,0.0006,0.0011,0.0005,0.0006
3751,0.0034,0.0067,0.0037,0.0028,0.0031,0.0084,0.0038,0.0004,0.0033,0.0043,0.0007,0.0045,-0.0009,0.0006,0.0014,-0.0033,-0.0006,0.0021,0.0008,0.0017,0.0004,0.0001
6160_100,0.0042,0.0047,0.0029,0.002,0.0036,0.0021,0.0031,0.0033,0.0019,0.0016,0.0021,0.0025,0.001,0.0019,0.0019,0.0019,0.0014,0.0022,0.0009,0.0008,0.0002,0.0001
6160_2,0.004543899999999999,0.0046413999999999995,0.004395399999999999,0.0026093,0.0023258000000000003,0.0022296,0.002269,0.0024125,0.002913,0.002566,0.001611,0.0031483,0.0018183,0.0012769,0.0013046,0.0017611,0.0010559,0.0017998,0.00056165,0.0010815,4.7283999999999997e-05,0.0012014
6157_100,0.0033209000000000003,0.006424299999999999,0.005524800000000001,0.0017425999999999997,0.00303,0.006089,0.0024712,-3.7205999999999996e-05,0.0037798000000000003,0.0014313,0.0027756,0.0031824,0.0022301,0.00094747,0.0023969,0.0026609999999999997,0.0031951,0.0015512,0.0011152999999999998,0.00076489,0.00017106,-0.00077935
2335,0.0049,0.0054,0.0047,0.0028,0.0042,0.0043,0.0034,0.0026,0.0021,0.0017,0.003,0.0023,0.0025,0.0024,0.0019,0.0032,0.0033,0.0022,0.0017,0.0007,0.0003,0.0012
20548_2,0.0035,0.0046,0.0051,0.0036,0.0066,0.0056,0.0049,0.0066,0.0012,0.0052,0.0016,0.0044,0.0014,0.0026,0.0022,0.0028,0.0001,-0.0005,0.0027,0.001,0.0009,0.0009
20543,0.0033211999999999994,-0.00078784,0.0048421,0.008323100000000002,-0.0014477000000000001,0.003936,0.0062092,0.0020273,0.0057552,0.00025817,0.0015306,0.0017299,-0.0011879000000000002,6.3701e-05,0.0023512,0.0039954,0.0002454,-0.0028296999999999997,5.3086000000000006e-05,-0.0030663,0.0013890999999999999,5.3707e-05
680_1,0.0023,0.0043,0.0031,0.0022,0.0017,0.0023,0.0025,0.0021,0.0023,0.0017,0.0016,0.0012,0.0017,0.0019,0.0015,0.0023,0.001,0.0016,0.001,0.0013,0.0005,0.0004
6146_100,0.0081,0.0089,0.0069,0.0069,0.005,0.0082,0.005,0.0062,0.0051,0.0046,0.0059,0.0045,0.0037,0.0047,0.0021,0.0034,0.0018,0.0033,0.0024,0.0026,0.0007,0.0014
6159_3,0.005,0.0044,0.0033,0.0017,0.0035,0.0036,0.0034,0.0014,0.0023,0.0016,0.0018,0.0031,0.0017,0.0019,0.0014,0.0027,0.0019,0.0016,0.0009,0.001,0.0008,0.0004
I9_IHD,0.0079,0.0096,0.0051,0.0043,0.0051,0.0103,0.0037,0.0043,0.0084,0.0042,0.0062,0.0055,0.0025,0.0009,0.0043,0.0045,0.0052,0.0028,0.0044,0.003,0.0014,0.0019
6145_6,0.0057415,0.006035199999999999,0.0055924,0.0045309,0.0038400999999999995,0.0032264000000000004,0.0039055,0.0023588000000000003,0.0029835,0.002691,0.0034984,0.0032324,0.0036508,0.0019565999999999997,0.0025476999999999995,0.0031287,0.0019255,0.0016178000000000002,0.0015606,0.0017920000000000002,1.3327e-05,0.0013637
20003_2038460150,0.0048,0.0051,0.0037,0.0022,0.0029,0.0045,0.0022,0.0023,0.0023,0.0026,0.0017,0.0023,0.0023,0.0026,0.0021,0.0026,0.0025,0.0015,0.0012,0.0014,0.0003,0.0004
6162_2,0.0032,0.0049,0.0027,0.0025,0.0022,0.0015,0.0017,0.0022,0.0013,0.0017,0.0015,0.0016,0.001,0.0016,0.0013,0.0025,0.0014,0.0013,0.0006,0.0011,0.0006,0.0006
2100,0.006999999999999999,0.0067,0.0045,0.0033,0.0046,0.0038,0.0043,0.0021,0.0034,0.002,0.0028,0.0026,0.0022,0.0025,0.0009,0.003,0.0013,0.0032,0.0018,0.0019,0.0003,0.0014
20003_1140884600,0.0107,0.0155,0.0133,0.0089,0.0093,0.011000000000000001,0.006999999999999999,0.0081,0.0067,0.0109,0.0091,0.0058,0.0055,0.0056,0.006999999999999999,0.0059,0.0061,0.0062,0.0041,0.0045,-0.0003,0.0035
20003_1141191044,0.0185,0.0128,0.0093,0.0057,0.0039,0.0104,0.0022,0.0078,0.0103,0.0039,0.0036,0.01,0.0027,0.0029,0.0038,0.0041,0.0028,0.0022,0.0071,0.0011,0.001,0.0029
6149_1,0.0065,0.0051,0.0109,0.0025,0.0034,0.0031,0.0036,0.0017,0.0027,0.0005,0.0029,0.0039,0.0014,0.001,0.0015,0.0031,0.0025,0.0013,0.004,0.0022,0.0006,0.0013
6179_100,0.0032,0.0034,0.0025,0.0027,0.002,0.0022,0.002,0.0024,0.0014,0.0023,0.0011,0.0016,0.001,0.001,0.0009,0.0015,0.0009,0.0013,0.0006,0.001,0.0005,0.0005
20110_8,0.0041,0.003,0.0034,0.0023,0.0021,0.0018,0.0017,0.0025,0.0019,0.0021,0.0016,0.0024,0.0007,0.0007,0.0013,0.0017,0.0021,0.0003,0.0018,0.0014,0.0002,0.0004
20003_1140861958,0.0061,0.0054,0.003,0.0031,0.003,0.0045,0.0021,0.0036,0.0028,0.001,0.0046,0.0034,0.0011,0.0013,0.0015,0.0028,0.0034,0.0013,0.005,0.0013,0.0004,0.0004
20107_1,0.003,0.0046,0.0023,0.002,0.0018,0.0031,0.0015,0.0016,0.0022,0.0023,0.0016,0.0012,0.0009,0.0011,0.0022,0.0018,0.0018,0.0007,0.0015,0.0005,0.0004,0.0008
2844,0.0045444,0.0047051,0.0033303000000000004,0.0020591,0.0017135000000000002,0.00049874,0.0023703,0.0028159,0.00046732,0.0020169,0.0017369,0.0025050999999999997,0.00064059,0.0018012999999999998,0.0015411,0.00040398,0.00015656,0.0009374,0.00044345,0.0010408,5.6576e-05,0.0012309
XVIII_MISCFINDINGS,0.0035,0.0037,0.0032,0.0012,0.0029,0.0033,0.0026,0.0019,0.0014,0.0019,0.0023,0.0017,0.0019,0.0012,0.0012,0.001,0.0014,0.0018,0.0005,0.0007,0.0012,0.0004
20547_3,0.0085,0.0072,0.0072,0.0048,0.0057,0.0047,0.0062,0.0004,-0.0005,0.0046,0.003,0.0026,0.0011,0.0026,0.0015,0.0047,0.0033,0.0021,0.0024,0.0017,-0.0009,0.001
XI_DIGESTIVE,0.003,0.0043,0.0026,0.0013,0.0027,0.0026,0.0025,0.0018,0.0019,0.0021,0.0027,0.0015,0.001,0.0007,0.0014,0.0014,0.0007,0.001,0.001,0.0008,0.0007,0.0002
20003_1141194794,0.0077,0.0082,0.005,0.0018,0.0084,0.0048,0.0045,0.0074,0.0027,0.0044,0.0064,0.0051,0.0017,0.0013,0.0041,0.0057,0.0034,0.001,0.0023,0.0034,0.0001,0.0004
20529,0.0029,0.0039,0.0045,0.0008,0.0053,0.0005,0.0031,0.0014,-0.0015,0.0006,0.0049,0.0029,0.0021,0.0016,0.0014,0.002,0.0023,0.0011,0.0014,0.0014,0.0011,0.0009
M13_ARTHROSIS,0.008,0.0093,0.0052,0.0031,0.0041,0.0054,0.0033,0.0035,0.0026,0.0019,0.0039,0.0048,0.0024,0.0022,0.0036,0.0033,0.0044,0.0007,0.0032,0.002,0.0023,0.0021
6146_2,0.0097,0.0097,0.0074,0.0063,0.0036,0.0087,0.0057,0.0049,0.0055,0.0036,0.0059,0.0044,0.0034,0.0049,0.0019,0.0034,0.0021,0.003,0.0021,0.0028,0.0007,0.0007
3773,0.0006,0.0037,0.002,0.0037,0.0034,-0.0004,0.0055,0.0034,0.0049,0.0004,0.0019,0.0007,0.0022,0.0005,0.0018,0.0024,0.0018,-0.0008,0.0002,0.0035,0.0007,-0.0005
ICDMAIN_ANY_ENTRY,0.0041,0.0031,0.0029,0.0025,0.0033,0.0019,0.0025,0.0017,0.0017,0.0017,0.0027,0.0017,0.0013,0.0009,0.0016,0.0021,0.0019,0.0012,0.0007,0.0017,-0.0002,0.0004
20126_4,0.0105,-0.0002,0.0011,0.0025,0.0056,0.0052,0.0037,0.0011,0.0034,0.0012,0.0026,0.0021,0.0055,0.001,0.0004,0.0041,0.0021,0.0001,-0.002,0.0031,0.0024,0.0012
20405_0,0.0067,0.0061,0.0025,0.0074,0.0034,0.0048,0.0018,0.0029,-0.0008,0.0025,0.0038,0.0025,0.0032,0.0032,0.0019,0.0015,0.0021,0.0011,0.001,0.0038,-0.0012,0.0009
I9_CORATHER,0.0081,0.011000000000000001,0.0054,0.0054,0.0049,0.0118,0.0038,0.0034,0.0092,0.0048,0.0078,0.006,0.0025,0.0006,0.0045,0.005,0.0054,0.0019,0.0046,0.0027,0.0011,0.0017
6141_1,0.0045356,0.003669,0.002329,0.0032775999999999994,0.0012549000000000002,0.0021201999999999996,0.0016429000000000003,0.0015266,0.0011710999999999998,0.0015691,0.0024304,0.0021383,0.00074509,0.0013337,0.00074958,0.0017842,0.0013777000000000001,0.00064756,0.00085026,0.0010930999999999998,7.8641e-06,0.00061882
6179_1,0.0031,0.0034,0.0022,0.0025,0.0017,0.0021,0.0024,0.0025,0.001,0.0018,0.0017,0.0014,0.0006,0.0012,0.0003,0.0017,0.0008,0.0013,0.0006,0.0008,0.0005,0.0006
C3_OTHER_SKIN,0.0127,0.0094,0.0064,0.0041,0.0059,0.0057,0.0045,0.0054,0.0064,0.0027,0.0077,0.0042,0.0003,0.0023,0.0013,0.0082,0.0037,0.0006,0.0022,0.0135,0.0006,0.0006
2365,0.0037304,0.0035591,0.0017467,0.0030001,0.003927300000000001,0.0021030999999999997,0.00066526,-0.00033643,0.00097322,0.0024976,0.0009085000000000001,0.0021395,0.0016105999999999998,0.0016245,0.00097236,0.0012270999999999998,0.0012844000000000002,0.00093364,-5.7091000000000006e-05,0.00026951,0.00055643,0.0008038
1150_2,0.0026,0.003,0.0027,0.0014,0.0018,0.0015,0.0017,0.0032,0.0007,0.001,0.0009,0.0014,0.0011,0.001,0.0005,0.0021,0.0013,0.001,0.0011,0.0008,0.0002,0.0007
20546_4,0.0081,0.0062,0.0073,0.0088,0.0045,0.0037,0.0026,0.0041,0.0005,0.0005,0.0003,0.0021,0.0023,0.0022,0.0003,0.0049,0.0013,0.0044,0.0006,0.0015,0.0006,0.0041
2129,0.004397,0.0062534999999999995,0.0047745,0.0053018,0.0032444,0.0040126,0.0044997,0.0028326000000000002,0.0027515,0.0031661,0.0034746000000000004,0.0022665,0.001124,0.0024028,0.0019229,0.0027264,0.0030749,0.0030201,0.00033324,0.00084624,5.7709e-05,0.00085889
6162_1,0.0029553,0.0025432,0.0029906,0.0027,0.0017172,0.0030905,0.0031863000000000004,0.0015705,0.0022416999999999997,0.0021394,0.0015272999999999999,0.0020629000000000003,0.00069727,0.0022351,0.0014512000000000001,0.0015654999999999998,0.00069814,0.0016640000000000001,0.0011642999999999998,0.0011349,1.6445e-07,0.00055536
1538_1,0.0062,0.0061,0.0045,0.0027,0.0027,0.0032,0.0024,0.0017,0.0027,0.003,0.0025,0.0029,0.002,0.0024,0.002,0.0019,0.003,0.0009,0.0018,0.0016,-0.0004,0.0022
2473,0.0035,0.0034,0.0026,0.0019,0.0037,0.0029,0.0023,0.0015,0.0011,0.0013,0.0013,0.002,0.0019,0.0016,0.001,0.0018,0.0014,0.0007,0.001,0.0013,0.0008,0.0009
6148_100,0.0034,0.0039,0.0035,0.0026,0.0019,0.0008,0.0013,0.0021,0.0023,0.0022,0.003,0.0022,0.0006,0.0013,0.0014,0.0008,0.0031,0.0007,-0.0009,-0.0005,0.0004,0.0019
20548_3,0.0042,0.0058,0.0054,0.0006,0.0017,0.003,0.0051,0.0028,0.0033,0.0036,0.0023,0.0054,0.0041,0.0004,0.0026,0.0033,-0.0008,0.0019,-0.0003,0.0023,0.0023,0.0022
6162_4,0.0063,0.0063,0.0051,0.0038,0.0039,0.0046,0.0038,0.0034,0.0024,0.0031,0.0037,0.001,0.0028,0.0034,0.0014,0.0014,0.0025,0.0015,0.0021,0.0018,0.0006,0.0017
6162_3,0.0025,0.0035,0.0027,0.0011,0.002,0.0019,0.0018,0.0017,0.0025,0.0012,0.0015,0.0013,0.001,0.0017,0.0014,0.0014,0.0005,0.0004,0.001,0.0007,0.0002,0.0004
C_SKIN,0.0101,0.0083,0.0054,0.0039,0.0049,0.0056,0.0038,0.0039,0.0056,0.0027,0.0067,0.0033,0.0011,0.0023,0.0007,0.0104,0.0024,-0.0004,0.0018,0.0125,0.0007,0.0009
6147_1,0.0064,0.006,0.0034,0.003,0.0026,0.0052,0.003,0.0031,0.0017,0.0028,0.0038,0.0025,0.0021,0.0023,0.0036,0.0017,0.002,0.0016,0.0009,0.0024,0.0011,0.0015
IX_CIRCULATORY,0.004,0.0033,0.0033,0.0019,0.0028,0.0031,0.0027,0.0015,0.0018,0.0023,0.0017,0.0023,0.0011,0.0007,0.0014,0.0014,0.0022,0.0008,0.0011,0.0012,0.0008,0.0009
6164_3,0.0034924999999999995,0.005727899999999999,0.0040372,0.0019479,0.0028122,0.0021750999999999997,0.0028329,0.0023566,0.0023805,0.0021037,0.0033104999999999996,0.0011749,0.0025555,0.0025823,0.0023864,0.0022159000000000002,0.0020629000000000003,0.0026674,0.00041028,0.0014158,-7.344199999999999e-05,0.0018394000000000001
6159_6,0.0043,0.0033,0.003,0.0031,0.0029,0.0035,0.0021,0.0025,0.0031,0.0021,0.0023,0.0011,0.0024,0.0016,0.0005,0.0019,0.0015,0.0024,0.0016,0.0024,0.0012,0.0011
6179_2,0.0029,0.0029,0.0022,0.0027,0.0022,0.0023,0.0023,0.0013,0.0026,0.0016,0.0005,0.002,0.0011,0.0017,0.0014,0.0006,0.0018,0.0013,0.0012,0.0011,0.0004,0.0003
I83,0.0106,0.0101,0.0079,0.0044,0.0075,0.0113,0.0039,0.0071,0.0064,0.0066,0.0034,0.0074,0.0005,0.001,0.0038,0.0114,0.0065,0.002,0.0052,0.0058,0.0024,0.0043
20530,0.0035,0.0054,0.0021,0.0002,0.0031,0.0029,0.0017,0.0024,0.0042,0.0026,0.0023,0.0014,0.0022,0.0011,0.0007,0.0034,0.0008,0.0006,0.002,0.0017,-0.0002,0.0008
M17,0.0091,0.0126,0.0068,0.0052,0.0051,0.0078,0.0047,0.0024,0.0017,0.0045,0.0053,0.0083,0.0035,0.0029,0.0061,0.0059,0.0036,0.0019,0.0017,0.0038,0.0026,0.0018
6164_100,0.0061,0.0062,0.0041,0.0034,0.003,0.0051,0.0057,0.0036,0.0043,0.0028,0.0047,0.0022,0.0015,0.0022,0.0019,0.0031,0.0024,0.0038,0.0011,0.0033,0.0006,0.0007
6146_3,0.0092,0.0073,0.0064,0.0058,0.0071,0.0076,0.003,0.0062,0.0051,0.0034,0.0066,0.0063,0.003,0.0038,0.001,0.0032,0.0007,0.0023,0.0025,0.0023,0.001,0.0015
20002_1074,0.0079,0.0097,0.0052,0.0046,0.0042,0.013000000000000001,0.0029,0.0037,0.0087,0.0051,0.0056,0.0054,0.003,0.0016,0.0049,0.0042,0.0052,0.0036,0.0034,0.0037,0.0005,0.0021
R07,0.0055,0.0047,0.0047,0.0025,0.0059,0.0046,0.0026,0.0021,0.0035,0.0022,0.0028,0.0034,0.003,0.0015,0.0009,0.0025,0.0025,0.0026,0.0007,0.0016,0.0016,0.0005
K57,0.008,0.0131,0.0064,0.0044,0.0054,0.0076,0.0044,0.003,0.0042,0.0071,0.0031,0.0024,0.0035,0.0019,0.0036,0.0031,0.0037,0.0006,0.001,0.0011,0.002,0.002
6154_1,0.004183,0.0028024,0.0041259999999999995,0.0023028000000000002,0.001786,0.0039864,0.0017114,0.0018724,0.0023940000000000003,0.0013380999999999998,0.0020961,0.001341,0.00094904,0.00018466,0.0012349,0.0017961,0.0022837,0.0011232999999999998,0.00081918,0.00041641,0.00023224,9.1765e-05
20110_9,0.0042,0.0042,0.006,0.0029,0.0008,0.0035,0.0042,0.0013,0.0006,0.0033,0.0016,0.0028,0.0014,0.0012,0.0008,0.0026,0.0027,0.0004,0.0016,0.001,0.0001,0.0017
20111_9,0.0026,0.0073,0.0041,0.0021,0.0022,0.0031,0.0031,0.0022,0.0032,0.0036,0.0015,0.0037,0.0016,0.0011,0.0027,0.003,0.0003,0.0019,0.002,0.0005,0.0008,-0.0003
I9_DISVEINLYMPH,0.0074,0.0077,0.0063,0.0029,0.0062,0.0065,0.0022,0.0065,0.0071,0.0056,0.0016,0.0045,0.0021,0.0009,0.0031,0.0071,0.0051,0.0023,0.0046,0.0046,0.0018,0.0034
20003_1140879802,0.0071,0.0069,0.0053,0.0043,0.0033,0.0063,0.003,0.0038,0.0009,0.0045,0.006,0.0039,0.0036,0.0022,0.0031,0.0031,0.0057,0.0017,0.003,0.0046,-0.0003,0.0008
3591,0.0068,0.0051,0.0026,0.0044,0.002,0.0034,0.0023,0.003,0.0013,0.0034,0.0015,0.0022,0.0022,0.0008,0.0023,0.0033,0.0026,0.001,0.0003,0.0012,0.0006,0.0011
2784,0.0017,0.0029,0.0019,0.0023,0.0027,0.003,0.0026,0.0016,0.0013,0.0015,0.0003,0.0023,0.0017,0.0014,0.0009,0.0019,0.0013,0.0013,0.0007,0.0014,-0.0002,0.0003
6154_2,0.0037,0.0032,0.0021,0.0027,0.002,0.0025,0.0015,0.0019,0.0015,0.003,0.0014,0.0018,0.0016,0.001,0.0013,0.0019,0.0011,0.0001,0.0009,0.0011,0.0005,0.0002
20002_1387,0.0062,0.0063,0.0032,0.0026,0.0068,0.0027,0.0037,0.0019,0.0046,0.0027,0.0041,0.0017,0.0019,0.0022,0.0037,0.0035,0.0026,0.0004,0.0018,0.0017,0.0002,0.0012
20003_1140868226,0.0041409,0.0023747,0.0041126999999999995,0.0020523000000000004,0.0017028,0.0039759999999999995,0.0017978999999999998,0.0017143,0.0025906999999999996,0.0011644000000000001,0.0021343000000000004,0.0013417,0.00079574,0.00046969,0.001198,0.0016063,0.0022316999999999997,0.0012916,0.0010204,0.00035734,0.00021691,-2.9105e-05
M13_OTHERJOINT,0.0046,0.0046,0.0037,0.0035,0.0028,0.0037,0.0022,0.0016,0.0017,0.0049,0.0021,0.002,0.0014,0.0013,0.0027,0.0018,0.0018,0.0013,0.0006,0.0032,0.0007,0.001
6138_4,0.004243,0.0031815999999999997,0.003611,0.0013972000000000001,0.0034101999999999995,0.0016500999999999998,0.0019214000000000002,0.0011970999999999998,0.0017102999999999999,0.0017333,0.001379,0.0022829,0.0010884,0.0016783000000000002,0.00064144,0.001875,0.0022316,0.0015487,0.00056047,0.0017942,6.2529e-05,1.8195e-05
G56,0.0095,0.0126,0.0111,0.0066,0.0054,0.0066,0.0044,0.0021,0.0092,0.0069,0.0049,0.0057,0.0036,0.0039,0.0037,0.0078,0.0027,0.0014,0.0038,0.0035,0.0007,0.0028
C_BREAST_3,0.0049,0.0045,0.0046,-0.0007,0.0073,0.0048,0.0035,0.0007,0.0032,0.0062,0.0033,0.0062,0.0016,0.0017,0.002,0.0047,0.0015,0.0003,0.0008,0.0018,0.0006,0.0028
G6_CARPTU,0.0096,0.0113,0.0107,0.0071,0.0064,0.0077,0.0039,0.0031,0.0098,0.006999999999999999,0.0055,0.0056,0.0033,0.0028,0.0041,0.0073,0.0033,0.0008,0.0041,0.0031,0.0005,0.0029
20117_2,0.0054,0.0068,0.0038,0.0029,0.005,0.0032,0.0025,0.0018,0.003,0.0028,0.0026,0.002,0.001,0.0019,0.001,0.0029,0.0025,0.0028,0.0016,0.0013,0.0004,0.0008
K40,0.0076,0.0098,0.0066,0.0038,0.0049,0.0045,0.004,0.0086,0.004,0.0028,0.0052,0.0038,0.0021,0.0016,0.0022,0.0013,0.0027,0.0014,0.0014,0.0014,0.0012,0.0006
6149_3,0.0045,0.0025,0.0028,0.0019,0.0023,0.0025,0.0024,0.0014,0.0021,0.0019,0.0018,0.0024,0.0005,0.002,0.0007,0.0011,0.0016,0.0004,0.0011,0.0011,0.0001,0.0005
2834,0.0045149,0.004706800000000001,0.004418699999999999,0.0020807,0.003375,0.0029839000000000003,0.0021181,0.002993,0.0021504000000000002,0.0030210999999999997,0.0031984,0.0022233,0.001941,0.0017684999999999999,0.00035008,-7.4892e-05,0.0019518,0.00039273,0.0006192999999999999,-9.5586e-05,0.00051155,0.0012209000000000002
C44,0.0118,0.0081,0.0076,0.0033,0.0035,0.0068,0.0055,0.0056,0.0053,0.003,0.0075,0.0056,0.0024,0.0025,0.0019,0.0061,0.0035,0.001,0.0022,0.0129,0.0008,0.0018
6139_3,0.0044,0.0046,0.0042,0.0037,0.0035,0.0027,0.0017,0.0023,0.0019,0.0006,0.0019,0.0016,0.0014,0.0013,0.0003,0.0017,0.0017,0.0014,0.0003,0.0012,0.0006,0.0004
6160_4,0.0042902999999999995,0.0049817,0.0058963999999999996,0.0016230999999999997,0.0024703000000000004,0.0036713,0.0026328000000000002,0.0018399999999999998,0.0024809000000000003,0.0021962,0.0012500999999999999,0.0021225000000000003,0.0016952999999999998,0.0022286,0.0011948,0.0020196999999999997,0.0020918000000000004,0.001979,0.0012416999999999999,0.0014922000000000002,0.00082668,6.3036e-05
20111_1,0.0051,0.0031,0.002,0.0007,0.0012,0.0035,0.0034,0.0012,0.0021,0.0021,0.0016,0.0028,0.0008,0.0014,0.0024,0.0013,0.0034,0.0011,0.0016,0.001,0.0011,0.0018
6150_1,0.0085,0.0104,0.0056,0.0054,0.0017,0.0139,0.0035,0.0055,0.0071,0.0062,0.004,0.0085,0.0028,0.0016,0.0028,0.0038,0.0051,0.0018,0.0054,0.0033,0.0018,0.0015
I9_CHD,0.0081,0.0108,0.0062,0.0024,0.0027,0.0081,0.0021,0.0058,0.0073,0.0034,0.005,0.0052,0.0011,0.002,0.0039,0.0037,0.0055,0.0028,0.0032,0.002,0.0012,0.0014
C50,0.0044,0.0058,0.0036,-0.0013,0.0071,0.0045,0.0026,0.0005,0.0037,0.005,0.0021,0.0071,0.0035,0.0038,0.0027,0.0054,0.0012,-0.0001,0.0033,0.0026,0.0007,0.0033
G6_NERPLEX,0.0059,0.0087,0.0078,0.0045,0.0047,0.006,0.0039,0.0019,0.0067,0.0063,0.003,0.0035,0.0029,0.0042,0.0016,0.0059,0.002,0.0026,0.0023,0.0028,0.0009,0.0015
6154_5,0.005,0.0055,0.0046,0.0012,0.005,0.0044,0.0038,0.0039,0.0021,0.0017,0.0024,0.0028,0.0012,0.0015,0.0008,0.0022,0.0011,0.0014,0.0005,0.0021,0.0014,0.0002
6159_5,0.0039468,0.0049416,0.0030636,0.0018985,0.0033420999999999998,0.0035529000000000003,0.0032708,0.0022471,0.0030737,0.0017779,0.0013470999999999997,0.0023959,0.0016864999999999998,0.00054304,0.0011734000000000002,0.0026406,0.00093687,0.0011457000000000001,3.3636e-05,0.0008994999999999999,0.00047783,0.00040439
2207,0.004,0.0033,0.0037,0.002,0.0029,0.0016,0.0022,0.0013,0.001,0.0025,0.0024,0.0012,0.0012,0.0008,0.0004,0.0011,0.0016,0.001,0.0011,0.0009,-0.0002,0.0008
20002_1286,0.0064,0.0033,0.0042,0.0012,0.0031,0.0036,0.0042,0.0033,0.0037,0.0021,0.0024,0.0028,0.0026,0.0009,0.0005,0.0041,0.0023,0.0036,0.0009,0.0004,0.0011,0.001
6148_4,0.0027,0.0032,-0.0003,0.0036,0.0013,0.0002,0.0049,0.0003,0.0003,0.0031,0.0039,0.0036,0.0031,0.0026,0.0015,-0.0012,0.003,0.0012,0.0008,0.0018,-0.0012,0.0009
20002_1465,0.0048,0.0048,0.0025,0.0034,0.0021,0.0027,0.0025,0.0014,0.0028,0.0012,0.0017,0.0019,0.0004,0.002,0.0013,0.0021,0.0024,0.002,0.0016,0.0021,0.0013,0.0003
4803_14,0.0026,0.0059,0.0025,0.0011,0.0002,0.0017,0.0043,0.0021,0.0008,0.001,0.0015,0.0012,0.0021,0.0014,-0.0011,0.0026,0.0013,0.0043,0.0027,-0.0009,-0.0009,0.0002
20548_7,0.00094932,0.0072808000000000005,0.0024879,0.00081813,0.004867,0.0032311,0.0037814,0.0042815,0.0033931999999999994,0.003628,0.00067324,0.0022389,0.00020176,0.0013079,0.0008072000000000001,0.0030475999999999997,-0.00024215,-0.0012114,9.2212e-05,0.001591,-0.00023509,0.00013215
2463,0.0038,0.0027,0.0006,0.0009,0.0007,0.0037,0.0039,0.0026,0.0007,0.0026,0.0023,0.0019,0.0011,0.0015,0.0018,0.0019,0.0025,0.0022,0.002,0.0004,0.0004,0.0012
2877_1,0.0065096,0.00085426,0.0049989,0.0022865,0.0040252,1.3097999999999999e-05,9.8405e-05,0.0015114,-0.00020012,0.0024574,0.0022056,0.0024816,0.00024249,0.00027389,0.001018,0.001643,0.00085949,-0.0016611,0.0017494,0.002085,-0.0012905,0.00074807
20001_1002,0.0089205,0.0039814,0.0067494,-0.0019582999999999996,0.0071393,0.0024576999999999997,0.0059742,0.0022391,0.0021148000000000004,0.0059564,0.0022081999999999996,0.0027666,0.00038488,5.2662e-05,0.0022753,0.0064344,0.00042128,0.00065414,0.0018898,0.0006331,-0.00040129,0.004074
20107_9,0.0025372,0.0049268,0.0030065,0.0013790999999999999,0.0025126,0.0035776,0.0018469,0.00083647,0.0024671999999999997,0.0024240999999999998,0.0011094000000000002,0.0020800000000000003,0.00067587,0.00030924,0.0014759,0.0014024,0.0024327,0.00048868,0.0011937,0.00046672,-8.5976e-06,0.00070337
20107_3,0.0029565999999999998,0.0045464,0.0017289999999999999,0.0017335,0.0017067999999999999,0.0033265,0.0015034,0.00091638,0.0028801,0.0015797,0.0025193,0.0013812000000000002,0.0014024,0.0012707,0.0041278999999999995,0.0018192999999999998,0.00084361,0.0015309000000000002,-2.4452e-05,0.0009247999999999999,0.0007664,0.00081525
M16,0.0094,0.0086,0.0037,0.0044,0.0042,0.0069,0.0038,0.0045,0.0055,0.0018,0.0031,0.006999999999999999,0.004,0.0027,0.0041,0.0025,0.0059,0.0019,0.0017,0.001,0.003,0.0017
6153_4,0.0034218000000000004,0.005832899999999999,0.0025196,0.0013064,0.0010102,0.0039425,0.0033134,0.0024074,0.00263,0.0027342,0.0020318,-0.00021186,0.0011742,0.0028089,0.00065816,0.0015754000000000002,0.0016585999999999999,0.0010298,-6.428199999999999e-05,0.0012139000000000002,0.00047554,0.0014494999999999998
K11_GALLBILPANC,0.0021,0.0096,0.0045,0.0023,0.0038,0.0039,0.0037,0.0035,0.003,0.0042,0.0014,0.0027,0.002,0.0013,0.0021,0.0018,0.0019,0.0012,0.003,0.0007,0.0007,0.0008
20111_12,0.0026,0.0044,0.0025,0.002,0.0024,0.0025,0.0028,0.0027,0.0038,0.0007,0.0012,0.002,0.0013,0.0013,0.0022,0.0027,0.0015,0.0025,0.0016,0.0003,0.0002,0.0012
20003_1140860806,0.0035,0.0039,0.0037,0.0023,0.002,0.0047,0.0035,0.0029,0.003,0.0029,0.0034,0.003,0.0014,0.0025,0.003,0.0012,0.0027,0.0021,0.0031,0.0007,0.0008,0.0005
20003_1140861998,0.0056,0.0123,0.0039,0.0031,0.0052,0.0049,0.0036,0.0022,0.0043,0.0044,0.0052,0.003,0.0009,0.0009,0.002,0.0021,0.0055,0.0037,0.0014,0.0003,0.0006,0.0027
20002_1265,0.008900100000000001,0.0038883000000000003,0.0054429,0.0014582,0.0024471,0.0078339,0.0022018000000000003,0.0025675,0.0042549,0.0053728000000000005,0.0049842,0.0066723,0.0010977,0.0038448999999999996,0.0015538,0.0014683,0.0028798,0.0020573,8.4263e-06,0.0017211,0.00095828,0.0018277
20107_6,0.0027,0.0019,0.0016,0.0014,0.002,0.0015,0.0023,0.0018,0.003,0.0014,0.0022,0.0018,0.0003,0.0012,0.0027,0.0017,0.0012,0.0001,0.0002,0.0011,0.0004,0.0005
CARDIAC_ARRHYTM,0.009000000000000001,0.0079,0.0059,0.0126,0.0034,0.0046,0.0021,0.0012,0.0043,0.0045,0.0016,0.0055,0.0006,0.002,0.0007,0.0034,0.0024,-0.0008,0.0003,0.002,0.001,0.0006
3393,0.0056942,0.006026699999999999,0.0036525999999999998,0.001568,0.0066304,0.0018993999999999999,0.001667,0.0011133,0.0039872,8.0385e-05,0.0033178000000000005,0.0027337,0.00055238,0.0014619000000000001,0.0022838,0.0019553,0.001289,0.0025349,-0.00044576,0.002696,-0.00037131,0.00097597
K11_HERNIA,0.0054,0.0051,0.0023,0.0018,0.0027,0.0033,0.0025,0.0024,0.0002,0.0012,0.0029,0.0016,0.0017,0.0012,0.0013,0.0009,0.0016,0.0009,0.0011,0.0011,-0.0003,0.0002
20003_1140866738,0.0060049,0.0068275,0.0025699,0.0030207,0.0039286,0.0052607,0.001974,0.0017995,0.00060506,0.0026617,0.0027654,0.0057842,0.00056021,0.00082558,0.002177,0.0036591,0.0030921,0.0025786,0.0021543000000000005,0.0035335,-4.1668e-05,0.00040203
6149_4,0.0066,0.004,0.0029,0.0036,0.003,0.0053,0.0005,0.0035,0.0006,0.0019,0.0038,0.004,0.0013,0.003,0.0012,0.0018,0.0023,0.0014,0.0022,0.0009,0.001,0.0029
M54,0.0056,0.0073,0.0073,0.0062,0.0041,0.0077,0.0048,0.0054,0.002,0.0042,0.0025,0.0024,0.0015,0.0051,0.0009,0.0029,0.0009,0.0031,0.0017,0.0022,0.0004,0.0006
VI_NERVOUS,0.0011388,0.0047553000000000005,0.0037990000000000003,0.0028421999999999996,0.0037544000000000006,0.0028193000000000003,0.0025551,0.0019375,0.0026850000000000003,0.0023394,0.0022136,0.0021878,0.0003609,0.0024140999999999998,0.0019524999999999998,0.0022665,-0.00017231,0.0019103999999999998,0.00033255,0.0016014,1.176e-05,-8.2805e-05
M20,0.0059,0.0078,0.0061,0.003,0.0048,0.0056,0.0058,0.0047,0.0026,0.0051,0.0057,0.0017,0.0037,0.0007,0.0037,0.0027,0.0035,0.0017,0.0025,0.0039,0.0009,0.0015
H7_LENS,0.0051,0.0018,0.0023,0.0026,0.0023,0.0005,0.0036,0.0005,0.002,0.0047,0.004,0.0024,0.0013,0.0014,0.0024,0.0022,0.0047,0.0014,0.0024,0.0016,0.0016,0.0023
K80,0.0016,0.0103,0.0046,0.0028,0.0035,0.0036,0.0037,0.0034,0.003,0.0059,0.002,0.0031,0.0023,0.0015,0.0014,0.0014,0.0014,0.0015,0.0052,-0.0003,0.0007,0.0013
N92,0.0054542,0.0068861,0.0041213000000000005,0.005017300000000001,0.0015599,0.0043259,0.0014200999999999999,0.0052333,0.0031292,0.0024866999999999997,0.0014119000000000002,3.1506e-05,0.00034172,0.0008478,0.0011945,0.0011856,0.0016022999999999999,-5.7087e-05,0.0023999000000000004,0.00012347,0.0006586000000000001,0.00098224
6145_1,0.0037,0.0043,0.0009,0.0013,0.0021,0.0017,0.0011,0.0027,0.0018,0.0011,0.0018,0.0015,0.0008,0.0006,0.0013,0.002,0.0012,0.0007,0.0005,0.001,0.0004,0.0011
20117_0,0.0057,0.0065,0.0046,0.0038,0.0052,0.0018,0.0034,0.0016,0.0014,0.0044,0.0035,0.0025,0.0034,0.0025,0.0015,0.003,0.0027,0.0025,0.0023,0.0011,0.0007,0.0014
R10,0.0039,0.0047,0.0023,0.0021,0.0024,0.0018,0.0024,0.0033,0.0021,0.0035,0.0027,0.0024,0.0014,0.0018,0.0002,0.0008,0.0011,0.0006,0.0003,0.0004,0.0013,0.0003
M23,0.0062,0.0078,0.0034,0.0045,0.0013,0.0036,0.0045,0.0012,0.0016,0.0057,0.002,0.0015,0.0016,0.002,0.003,0.0027,0.0027,0.0008,0.0004,0.0046,0.0006,0.0008
20003_1140865634,0.0031,0.0038,0.0032,0.0002,0.0041,0.0047,0.002,0.0029,0.0015,0.0015,0.0017,0.0025,0.0015,0.0015,0.0005,0.0018,0.0009,0.0013,0.0004,0.0014,0.0012,0.0007
ILD_DIFF_DG,0.0041,0.0035,0.0031,0.002,0.0018,0.0029,0.0013,0.0018,0.0008,0.0013,0.0019,0.0012,0.0017,0.0006,0.0006,0.0023,0.0008,0.0006,0.0005,0.0012,0.0002,0.0004
20117_1,0.0041,0.0059,0.0044,0.0031,0.0036,0.006,0.0017,0.0019,0.0047,0.0005,0.0022,0.0029,0.0011,0.0029,0.0002,0.0034,0.0021,0.0022,0.0012,0.0011,0.001,0.0009
20003_1140864752,0.0057,0.0051,0.003,0.0014,0.0036,0.0033,0.0033,0.0047,0.0028,0.0016,0.0018,0.0025,0.0022,0.0018,0.0027,0.003,0.0019,0.0008,0.0017,0.0012,0.0004,0.0011
20003_1141146234,0.0047896,0.0050709,0.0043343,0.0018460999999999998,0.0025772,0.0039316,0.00131,0.0029854,0.0015808,0.0038482,0.0050501999999999995,0.0040847,0.00066387,0.00011871,0.00075367,0.00040856,0.0031861,0.0015639,0.005753800000000001,0.0024968000000000004,4.2305e-05,0.00061159
X_RESPIRATORY,0.0039844,0.0033933999999999995,0.0032423,0.0020488000000000004,0.0017603999999999999,0.0027226999999999998,0.0010467,0.0014792,0.00091264,0.0013699,0.0020539,0.0011164999999999999,0.0014217000000000001,0.00063836,0.00060012,0.0021991999999999997,0.0010728,0.00053543,0.00049574,0.00076437,8.426700000000001e-05,0.00039676
20003_1140860696,0.0052,0.0074,0.0022,0.0019,0.0037,0.0053,0.0048,0.0022,0.002,0.0019,0.0074,0.0017,-0.0006,0.0008,0.0017,0.0037,0.0049,-0.0012,0.0025,0.0027,0.0014,0.0013
ASTHMA_MEDICATIO_COMORB,0.0038,0.0015,0.0027,0.002,0.0016,0.0011,0.0026,0.0011,0.001,0.0031,0.0031,0.001,0.0012,0.0013,0.0015,0.0014,0.0032,0.0006,0.0025,0.0014,0.0013,0.0022
M13_MENISCUSDERANGEMENTS,0.0056,0.0071,0.0023,0.0044,0.0023,0.0029,0.0037,0.0008,0.0017,0.0065,0.0024,0.0017,0.0007,0.001,0.0026,0.0038,0.0025,0.0019,0.0004,0.0049,0.0004,0.0005
20110_6,0.0025,0.0025,0.0036,0.0016,0.0017,0.0006,0.0019,0.0018,0.0026,0.0009,0.0018,0.0018,0.0012,0.0011,0.0028,0.0027,0.0022,0.0011,0.0019,0.0012,0.0014,0.0002
D12,0.0082,0.0043,0.0076,0.0019,0.003,0.0028,0.0014,0.0025,0.0009,0.0037,0.0061,0.0021,0.0012,0.0026,0.0044,0.0022,0.0002,0.0022,0.0012,0.0035,-0.0003,0.0024
1150_3,0.0033599000000000003,0.004215399999999999,0.0022383000000000004,0.004063499999999999,0.00021117,0.002554,0.00041924,-0.00026959,0.0013607,0.0024959,0.0021357,0.0027601999999999995,0.00039018,0.00039278,0.0007562000000000001,0.0022941,0.0011270999999999998,0.00089621,0.0010628,0.0011854,5.7001e-06,4.8293e-05
20002_1138,0.0025445,0.0057628,0.0016519000000000002,0.0023260999999999998,0.0030478000000000002,0.0025006,0.00077819,0.0037116999999999996,0.0019510999999999999,0.0019272000000000002,0.0031777,0.0010174,0.0022679,0.0015731,0.0012957,0.0022574,0.0010774,-0.00019984,0.00074531,0.00088694,-2.0322e-05,0.00041732
PULM_MEDICATIO_COMORB,0.0039,0.0013,0.0024,0.0017,0.0018,0.0007,0.0014,0.0009,0.0007,0.0027,0.0027,0.0006,0.0006,0.0015,0.0015,0.0014,0.0026,0.0007,0.0021,0.0009,0.0012,0.0021
2159,0.003,0.0058,0.0058,0.0014,0.002,0.0027,0.0031,-0.0002,0.0008,0.0017,0.0051,0.0008,0.0039,0.0024,0.0011,0.0041,0.0005,0.0015,-0.0004,0.0004,0.0007,0.0002
6154_6,0.0035,0.0044,0.0063,0.001,0.0026,0.0029,0.0043,0.0004,0.0016,0.0035,0.0034,0.0034,0.0009,0.0022,0.0023,0.0034,0.0018,0.0014,0.0006,0.0026,0.0022,-0.0004
K21,0.0044313,0.0044438,0.0043348,0.0036912,0.004577899999999999,0.0029441,0.004787,0.001401,0.0033533,0.0016909000000000002,0.0028571,0.0010424000000000002,0.00064956,0.00036183,0.001953,0.0029901999999999997,0.00027369,0.00080727,0.0018980999999999998,0.00070656,0.00087972,9.32e-05
6147_4,0.0045,0.0045,0.0063,0.0017,0.0013,0.0016,0.0058,0.0029,0.0037,0.002,0.0013,0.0024,0.0024,0.003,-0.0004,0.0015,0.0014,0.0014,0.001,0.0022,-0.0007,0.0018
20003_1140923346,0.0048,0.0032,0.0043,0.0028,0.0024,0.0035,0.0035,0.004,0.005,-0.0001,0.0043,0.0033,0.0022,0.0007,0.0015,0.0044,0.0027,0.0018,0.0021,0.0012,-0.0015,0.0018
K29,0.0028,0.0032,0.0017,0.002,0.0038,0.003,0.0008,0.001,0.0017,0.0026,0.0017,0.0038,0.001,0.002,0.0018,0.0026,0.001,0.0022,0.0008,0.0005,0.0001,0.001
I84,0.0018835000000000002,0.0033830999999999996,0.004297100000000001,0.0012362,0.0031936,0.0029890999999999997,0.0037426,0.0021265999999999998,0.0048798,0.0031745000000000002,0.00084136,0.0024460999999999997,0.00070662,0.00066525,0.0010546,0.00070296,0.00145,0.0010127,-0.00038129,4.9523e-05,0.0010408,0.00089479
6179_4,0.0056,0.002,0.0038,0.0031,0.0019,0.0029,0.0009,0.0007,-0.0004,0.0028,0.0017,0.0021,-0.0011,0.0007,0.0028,0.0015,0.0012,0.0008,0.0002,0.0023,0.0011,-0.0004
H26,0.0063,0.0015,0.0009,0.0009,0.0007,0.0015,0.0024,-0.0003,0.0011,0.0034,0.0042,0.0031,0.0009,0.0014,0.0016,0.0034,0.0049,0.0017,0.0027,-0.0002,0.0013,0.0014
6147_2,0.0021,0.0042,0.0017,0.0017,0.0036,0.0015,0.0022,-0.0001,0.0019,0.0012,0.001,0.002,0.0014,0.0021,0.0009,0.0036,0.0016,0.0019,0.0011,0.0004,-0.0009,0.0007
N39,0.0013736,0.0044771,0.0023031999999999996,0.0026179000000000003,0.0023131000000000002,0.0023566,7.9582e-05,0.0014768,-0.00026142,0.0017611,0.0033825,0.0019004000000000002,0.00043756,0.0023531999999999997,0.0015677,0.0017656,0.00061618,0.0027581999999999997,0.00067435,0.0022976999999999997,0.0010976,0.0008416000000000001
20002_1474,0.0054913,0.0069,0.0033078000000000005,0.00047215,0.0026901,0.0045509999999999995,0.0024809999999999997,5.6576e-05,0.0032248000000000003,0.0017846,0.0020886,0.0016094000000000002,0.0025439,0.0015813,-0.00031507,0.0025827,0.003353,-3.3085e-05,0.00071665,0.0018669000000000001,0.0014307,0.0013277999999999999
20002_1452,0.0109,0.0038,0.0023,0.0012,0.0045,-0.0007,0.0012,0.0018,-0.0013,0.0014,0.0028,0.0012,-0.0008,0.0024,0.0011,0.0006,0.0037,0.0012,0.0013,0.0041,0.0006,0.0003
K11_OTHGASTR,0.0025,0.0026,0.002,0.0004,0.0045,0.0028,0.0003,0.0008,0.0015,0.0019,0.0018,0.0043,0.0007,0.0016,0.0021,0.0025,0.0012,0.002,0.001,-0.0004,-0.0002,0.0018
6144_1,0.0021114000000000003,0.0043968,0.004246100000000001,0.0028815,0.001367,0.0023753,0.0035662,0.0022895,0.001495,1.5788e-05,0.00216,0.0023123,0.0005999,0.0015802,0.0021464,0.00024208,-0.0011968,0.001299,0.0019708,0.00042179,0.00014477,0.00068027
6179_6,0.0049757,0.0017315000000000002,0.0034335,0.001943,0.002689,0.0016197,4.155600000000001e-05,0.0018581,0.004287,0.005012600000000001,1.2207e-05,0.00050513,-4.3165e-05,1.625e-05,0.00038697,0.002257,0.0010815999999999998,0.0028811999999999996,0.0021965,0.00093578,0.00028834,0.0001236
Z09,0.0009,0.0023,0.0023,0.0039,0.0011,0.0017,0.0007,0.0013,0.0032,0.0021,0.0014,0.0021,0.0033,0.001,0.001,0.0012,-0.0003,0.0009,0.002,0.0007,-0.0007,0.0023
680_4,0.0018527,0.0042679,0.0018125,0.003943199999999999,0.0022333,-0.00033965,0.0017710999999999998,0.0017204,0.00042105,0.0012542,0.0015166,0.00098647,0.0007807000000000001,0.00099581,0.0024143,0.0022814,9.3315e-05,0.0014929000000000001,0.0014352,-0.00058557,0.0015882,-0.0007616000000000001
